date,Consumer Price Inflation,Crude WTI,Durable Goods Orders,FED Interest Rate,Non Farm Payrolls,Retail Sales,Treasury 10year Yield,Treasury 2year Yield,Treasury 5year Yield,Unemployment Rate
1913-01-01,9.800,,,,,,,,,
1913-02-01,9.800,,,,,,,,,
1913-03-01,9.800,,,,,,,,,
1913-04-01,9.800,,,,,,,,,
1913-05-01,9.700,,,,,,,,,
1913-06-01,9.800,,,,,,,,,
1913-07-01,9.900,,,,,,,,,
1913-08-01,9.900,,,,,,,,,
1913-09-01,10.000,,,,,,,,,
1913-10-01,10.000,,,,,,,,,
1913-11-01,10.100,,,,,,,,,
1913-12-01,10.000,,,,,,,,,
1914-01-01,10.000,,,,,,,,,
1914-02-01,9.900,,,,,,,,,
1914-03-01,9.900,,,,,,,,,
1914-04-01,9.800,,,,,,,,,
1914-05-01,9.900,,,,,,,,,
1914-06-01,9.900,,,,,,,,,
1914-07-01,10.000,,,,,,,,,
1914-08-01,10.200,,,,,,,,,
1914-09-01,10.200,,,,,,,,,
1914-10-01,10.100,,,,,,,,,
1914-11-01,10.200,,,,,,,,,
1914-12-01,10.100,,,,,,,,,
1915-01-01,10.100,,,,,,,,,
1915-02-01,10.000,,,,,,,,,
1915-03-01,9.900,,,,,,,,,
1915-04-01,10.000,,,,,,,,,
1915-05-01,10.100,,,,,,,,,
1915-06-01,10.100,,,,,,,,,
1915-07-01,10.100,,,,,,,,,
1915-08-01,10.100,,,,,,,,,
1915-09-01,10.100,,,,,,,,,
1915-10-01,10.200,,,,,,,,,
1915-11-01,10.300,,,,,,,,,
1915-12-01,10.300,,,,,,,,,
1916-01-01,10.400,,,,,,,,,
1916-02-01,10.400,,,,,,,,,
1916-03-01,10.500,,,,,,,,,
1916-04-01,10.600,,,,,,,,,
1916-05-01,10.700,,,,,,,,,
1916-06-01,10.800,,,,,,,,,
1916-07-01,10.800,,,,,,,,,
1916-08-01,10.900,,,,,,,,,
1916-09-01,11.100,,,,,,,,,
1916-10-01,11.300,,,,,,,,,
1916-11-01,11.500,,,,,,,,,
1916-12-01,11.600,,,,,,,,,
1917-01-01,11.700,,,,,,,,,
1917-02-01,12.000,,,,,,,,,
1917-03-01,12.000,,,,,,,,,
1917-04-01,12.600,,,,,,,,,
1917-05-01,12.800,,,,,,,,,
1917-06-01,13.000,,,,,,,,,
1917-07-01,12.800,,,,,,,,,
1917-08-01,13.000,,,,,,,,,
1917-09-01,13.300,,,,,,,,,
1917-10-01,13.500,,,,,,,,,
1917-11-01,13.500,,,,,,,,,
1917-12-01,13.700,,,,,,,,,
1918-01-01,14.000,,,,,,,,,
1918-02-01,14.100,,,,,,,,,
1918-03-01,14.000,,,,,,,,,
1918-04-01,14.200,,,,,,,,,
1918-05-01,14.500,,,,,,,,,
1918-06-01,14.700,,,,,,,,,
1918-07-01,15.100,,,,,,,,,
1918-08-01,15.400,,,,,,,,,
1918-09-01,15.700,,,,,,,,,
1918-10-01,16.000,,,,,,,,,
1918-11-01,16.300,,,,,,,,,
1918-12-01,16.500,,,,,,,,,
1919-01-01,16.500,,,,,,,,,
1919-02-01,16.200,,,,,,,,,
1919-03-01,16.400,,,,,,,,,
1919-04-01,16.700,,,,,,,,,
1919-05-01,16.900,,,,,,,,,
1919-06-01,16.900,,,,,,,,,
1919-07-01,17.400,,,,,,,,,
1919-08-01,17.700,,,,,,,,,
1919-09-01,17.800,,,,,,,,,
1919-10-01,18.100,,,,,,,,,
1919-11-01,18.500,,,,,,,,,
1919-12-01,18.900,,,,,,,,,
1920-01-01,19.300,,,,,,,,,
1920-02-01,19.500,,,,,,,,,
1920-03-01,19.700,,,,,,,,,
1920-04-01,20.300,,,,,,,,,
1920-05-01,20.600,,,,,,,,,
1920-06-01,20.900,,,,,,,,,
1920-07-01,20.800,,,,,,,,,
1920-08-01,20.300,,,,,,,,,
1920-09-01,20.000,,,,,,,,,
1920-10-01,19.900,,,,,,,,,
1920-11-01,19.800,,,,,,,,,
1920-12-01,19.400,,,,,,,,,
1921-01-01,19,,,,,,,,,
1921-02-01,18.4,,,,,,,,,
1921-03-01,18.3,,,,,,,,,
1921-04-01,18.1,,,,,,,,,
1921-05-01,17.7,,,,,,,,,
1921-06-01,17.6,,,,,,,,,
1921-07-01,17.7,,,,,,,,,
1921-08-01,17.7,,,,,,,,,
1921-09-01,17.5,,,,,,,,,
1921-10-01,17.5,,,,,,,,,
1921-11-01,17.4,,,,,,,,,
1921-12-01,17.3,,,,,,,,,
1922-01-01,16.9,,,,,,,,,
1922-02-01,16.9,,,,,,,,,
1922-03-01,16.7,,,,,,,,,
1922-04-01,16.7,,,,,,,,,
1922-05-01,16.7,,,,,,,,,
1922-06-01,16.7,,,,,,,,,
1922-07-01,16.8,,,,,,,,,
1922-08-01,16.6,,,,,,,,,
1922-09-01,16.6,,,,,,,,,
1922-10-01,16.7,,,,,,,,,
1922-11-01,16.8,,,,,,,,,
1922-12-01,16.9,,,,,,,,,
1923-01-01,16.8,,,,,,,,,
1923-02-01,16.8,,,,,,,,,
1923-03-01,16.8,,,,,,,,,
1923-04-01,16.9,,,,,,,,,
1923-05-01,16.9,,,,,,,,,
1923-06-01,17,,,,,,,,,
1923-07-01,17.2,,,,,,,,,
1923-08-01,17.1,,,,,,,,,
1923-09-01,17.2,,,,,,,,,
1923-10-01,17.3,,,,,,,,,
1923-11-01,17.3,,,,,,,,,
1923-12-01,17.3,,,,,,,,,
1924-01-01,17.3,,,,,,,,,
1924-02-01,17.2,,,,,,,,,
1924-03-01,17.1,,,,,,,,,
1924-04-01,17,,,,,,,,,
1924-05-01,17,,,,,,,,,
1924-06-01,17,,,,,,,,,
1924-07-01,17.1,,,,,,,,,
1924-08-01,17,,,,,,,,,
1924-09-01,17.1,,,,,,,,,
1924-10-01,17.2,,,,,,,,,
1924-11-01,17.2,,,,,,,,,
1924-12-01,17.3,,,,,,,,,
1925-01-01,17.3,,,,,,,,,
1925-02-01,17.2,,,,,,,,,
1925-03-01,17.3,,,,,,,,,
1925-04-01,17.2,,,,,,,,,
1925-05-01,17.3,,,,,,,,,
1925-06-01,17.5,,,,,,,,,
1925-07-01,17.7,,,,,,,,,
1925-08-01,17.7,,,,,,,,,
1925-09-01,17.7,,,,,,,,,
1925-10-01,17.7,,,,,,,,,
1925-11-01,18,,,,,,,,,
1925-12-01,17.9,,,,,,,,,
1926-01-01,17.9,,,,,,,,,
1926-02-01,17.9,,,,,,,,,
1926-03-01,17.8,,,,,,,,,
1926-04-01,17.9,,,,,,,,,
1926-05-01,17.8,,,,,,,,,
1926-06-01,17.7,,,,,,,,,
1926-07-01,17.5,,,,,,,,,
1926-08-01,17.4,,,,,,,,,
1926-09-01,17.5,,,,,,,,,
1926-10-01,17.6,,,,,,,,,
1926-11-01,17.7,,,,,,,,,
1926-12-01,17.7,,,,,,,,,
1927-01-01,17.5,,,,,,,,,
1927-02-01,17.4,,,,,,,,,
1927-03-01,17.3,,,,,,,,,
1927-04-01,17.3,,,,,,,,,
1927-05-01,17.4,,,,,,,,,
1927-06-01,17.6,,,,,,,,,
1927-07-01,17.3,,,,,,,,,
1927-08-01,17.2,,,,,,,,,
1927-09-01,17.3,,,,,,,,,
1927-10-01,17.4,,,,,,,,,
1927-11-01,17.3,,,,,,,,,
1927-12-01,17.3,,,,,,,,,
1928-01-01,17.3,,,,,,,,,
1928-02-01,17.1,,,,,,,,,
1928-03-01,17.1,,,,,,,,,
1928-04-01,17.1,,,,,,,,,
1928-05-01,17.2,,,,,,,,,
1928-06-01,17.1,,,,,,,,,
1928-07-01,17.1,,,,,,,,,
1928-08-01,17.1,,,,,,,,,
1928-09-01,17.3,,,,,,,,,
1928-10-01,17.2,,,,,,,,,
1928-11-01,17.2,,,,,,,,,
1928-12-01,17.1,,,,,,,,,
1929-01-01,17.1,,,,,,,,,
1929-02-01,17.1,,,,,,,,,
1929-03-01,17,,,,,,,,,
1929-04-01,16.9,,,,,,,,,
1929-05-01,17,,,,,,,,,
1929-06-01,17.1,,,,,,,,,
1929-07-01,17.3,,,,,,,,,
1929-08-01,17.3,,,,,,,,,
1929-09-01,17.3,,,,,,,,,
1929-10-01,17.3,,,,,,,,,
1929-11-01,17.3,,,,,,,,,
1929-12-01,17.2,,,,,,,,,
1930-01-01,17.1,,,,,,,,,
1930-02-01,17,,,,,,,,,
1930-03-01,16.9,,,,,,,,,
1930-04-01,17,,,,,,,,,
1930-05-01,16.9,,,,,,,,,
1930-06-01,16.8,,,,,,,,,
1930-07-01,16.6,,,,,,,,,
1930-08-01,16.5,,,,,,,,,
1930-09-01,16.6,,,,,,,,,
1930-10-01,16.5,,,,,,,,,
1930-11-01,16.4,,,,,,,,,
1930-12-01,16.1,,,,,,,,,
1931-01-01,15.9,,,,,,,,,
1931-02-01,15.7,,,,,,,,,
1931-03-01,15.6,,,,,,,,,
1931-04-01,15.5,,,,,,,,,
1931-05-01,15.3,,,,,,,,,
1931-06-01,15.1,,,,,,,,,
1931-07-01,15.1,,,,,,,,,
1931-08-01,15.1,,,,,,,,,
1931-09-01,15,,,,,,,,,
1931-10-01,14.9,,,,,,,,,
1931-11-01,14.7,,,,,,,,,
1931-12-01,14.6,,,,,,,,,
1932-01-01,14.3,,,,,,,,,
1932-02-01,14.1,,,,,,,,,
1932-03-01,14,,,,,,,,,
1932-04-01,13.9,,,,,,,,,
1932-05-01,13.7,,,,,,,,,
1932-06-01,13.6,,,,,,,,,
1932-07-01,13.6,,,,,,,,,
1932-08-01,13.5,,,,,,,,,
1932-09-01,13.4,,,,,,,,,
1932-10-01,13.3,,,,,,,,,
1932-11-01,13.2,,,,,,,,,
1932-12-01,13.1,,,,,,,,,
1933-01-01,12.9,,,,,,,,,
1933-02-01,12.7,,,,,,,,,
1933-03-01,12.6,,,,,,,,,
1933-04-01,12.6,,,,,,,,,
1933-05-01,12.6,,,,,,,,,
1933-06-01,12.7,,,,,,,,,
1933-07-01,13.1,,,,,,,,,
1933-08-01,13.2,,,,,,,,,
1933-09-01,13.2,,,,,,,,,
1933-10-01,13.2,,,,,,,,,
1933-11-01,13.2,,,,,,,,,
1933-12-01,13.2,,,,,,,,,
1934-01-01,13.2,,,,,,,,,
1934-02-01,13.3,,,,,,,,,
1934-03-01,13.3,,,,,,,,,
1934-04-01,13.3,,,,,,,,,
1934-05-01,13.3,,,,,,,,,
1934-06-01,13.4,,,,,,,,,
1934-07-01,13.4,,,,,,,,,
1934-08-01,13.4,,,,,,,,,
1934-09-01,13.6,,,,,,,,,
1934-10-01,13.5,,,,,,,,,
1934-11-01,13.5,,,,,,,,,
1934-12-01,13.4,,,,,,,,,
1935-01-01,13.6,,,,,,,,,
1935-02-01,13.7,,,,,,,,,
1935-03-01,13.7,,,,,,,,,
1935-04-01,13.8,,,,,,,,,
1935-05-01,13.8,,,,,,,,,
1935-06-01,13.7,,,,,,,,,
1935-07-01,13.7,,,,,,,,,
1935-08-01,13.7,,,,,,,,,
1935-09-01,13.7,,,,,,,,,
1935-10-01,13.7,,,,,,,,,
1935-11-01,13.8,,,,,,,,,
1935-12-01,13.8,,,,,,,,,
1936-01-01,13.8,,,,,,,,,
1936-02-01,13.8,,,,,,,,,
1936-03-01,13.7,,,,,,,,,
1936-04-01,13.7,,,,,,,,,
1936-05-01,13.7,,,,,,,,,
1936-06-01,13.8,,,,,,,,,
1936-07-01,13.9,,,,,,,,,
1936-08-01,14,,,,,,,,,
1936-09-01,14,,,,,,,,,
1936-10-01,14,,,,,,,,,
1936-11-01,14,,,,,,,,,
1936-12-01,14,,,,,,,,,
1937-01-01,14.1,,,,,,,,,
1937-02-01,14.1,,,,,,,,,
1937-03-01,14.2,,,,,,,,,
1937-04-01,14.3,,,,,,,,,
1937-05-01,14.4,,,,,,,,,
1937-06-01,14.4,,,,,,,,,
1937-07-01,14.5,,,,,,,,,
1937-08-01,14.5,,,,,,,,,
1937-09-01,14.6,,,,,,,,,
1937-10-01,14.6,,,,,,,,,
1937-11-01,14.5,,,,,,,,,
1937-12-01,14.4,,,,,,,,,
1938-01-01,14.2,,,,,,,,,
1938-02-01,14.1,,,,,,,,,
1938-03-01,14.1,,,,,,,,,
1938-04-01,14.2,,,,,,,,,
1938-05-01,14.1,,,,,,,,,
1938-06-01,14.1,,,,,,,,,
1938-07-01,14.1,,,,,,,,,
1938-08-01,14.1,,,,,,,,,
1938-09-01,14.1,,,,,,,,,
1938-10-01,14,,,,,,,,,
1938-11-01,14,,,,,,,,,
1938-12-01,14,,,,,,,,,
1939-01-01,14,,,,29296,,,,,
1939-02-01,13.9,,,,29394,,,,,
1939-03-01,13.9,,,,29804,,,,,
1939-04-01,13.8,,,,29786,,,,,
1939-05-01,13.8,,,,30145,,,,,
1939-06-01,13.8,,,,30520,,,,,
1939-07-01,13.8,,,,30472,,,,,
1939-08-01,13.8,,,,30870,,,,,
1939-09-01,14.1,,,,31608,,,,,
1939-10-01,14,,,,31975,,,,,
1939-11-01,14,,,,31837,,,,,
1939-12-01,14,,,,32037,,,,,
1940-01-01,13.9,,,,30966,,,,,
1940-02-01,14,,,,30995,,,,,
1940-03-01,14,,,,31328,,,,,
1940-04-01,14,,,,31397,,,,,
1940-05-01,14,,,,31738,,,,,
1940-06-01,14.1,,,,32016,,,,,
1940-07-01,14,,,,32019,,,,,
1940-08-01,14,,,,32586,,,,,
1940-09-01,14,,,,33379,,,,,
1940-10-01,14,,,,33806,,,,,
1940-11-01,14,,,,34000,,,,,
1940-12-01,14.1,,,,34653,,,,,
1941-01-01,14.1,,,,33833,,,,,
1941-02-01,14.1,,,,34119,,,,,
1941-03-01,14.2,,,,34592,,,,,
1941-04-01,14.3,,,,35197,,,,,
1941-05-01,14.4,,,,36062,,,,,
1941-06-01,14.7,,,,36736,,,,,
1941-07-01,14.7,,,,37262,,,,,
1941-08-01,14.9,,,,37799,,,,,
1941-09-01,15.1,,,,38354,,,,,
1941-10-01,15.3,,,,38407,,,,,
1941-11-01,15.4,,,,38293,,,,,
1941-12-01,15.5,,,,38548,,,,,
1942-01-01,15.7,,,,37706,,,,,
1942-02-01,15.8,,,,37833,,,,,
1942-03-01,16,,,,38488,,,,,
1942-04-01,16.1,,,,39138,,,,,
1942-05-01,16.3,,,,39686,,,,,
1942-06-01,16.3,,,,40172,,,,,
1942-07-01,16.4,,,,40625,,,,,
1942-08-01,16.5,,,,41226,,,,,
1942-09-01,16.5,,,,41663,,,,,
1942-10-01,16.7,,,,41832,,,,,
1942-11-01,16.8,,,,41863,,,,,
1942-12-01,16.9,,,,42322,,,,,
1943-01-01,16.9,,,,41578,,,,,
1943-02-01,16.9,,,,41810,,,,,
1943-03-01,17.2,,,,42216,,,,,
1943-04-01,17.4,,,,42507,,,,,
1943-05-01,17.5,,,,42542,,,,,
1943-06-01,17.5,,,,42974,,,,,
1943-07-01,17.4,,,,42868,,,,,
1943-08-01,17.3,,,,42720,,,,,
1943-09-01,17.4,,,,42753,,,,,
1943-10-01,17.4,,,,42827,,,,,
1943-11-01,17.4,,,,42945,,,,,
1943-12-01,17.4,,,,43153,,,,,
1944-01-01,17.4,,,,42135,,,,,
1944-02-01,17.4,,,,42075,,,,,
1944-03-01,17.4,,,,42076,,,,,
1944-04-01,17.5,,,,41983,,,,,
1944-05-01,17.5,,,,41951,,,,,
1944-06-01,17.6,,,,42135,,,,,
1944-07-01,17.7,,,,42023,,,,,
1944-08-01,17.7,,,,41963,,,,,
1944-09-01,17.7,,,,41855,,,,,
1944-10-01,17.7,,,,41758,,,,,
1944-11-01,17.7,,,,41800,,,,,
1944-12-01,17.8,,,,42320,,,,,
1945-01-01,17.8,,,,41444,,,,,
1945-02-01,17.8,,,,41516,,,,,
1945-03-01,17.8,,,,41653,,,,,
1945-04-01,17.8,,,,41393,,,,,
1945-05-01,17.9,,,,41249,,,,,
1945-06-01,18.1,,,,41276,,,,,
1945-07-01,18.1,,,,40909,,,,,
1945-08-01,18.1,,,,40544,,,,,
1945-09-01,18.1,,,,38680,,,,,
1945-10-01,18.1,,,,38659,,,,,
1945-11-01,18.1,,,,39110,,,,,
1945-12-01,18.2,,,,39692,,,,,
1946-01-01,18.2,,,,39413,,,,,
1946-02-01,18.1,,,,38865,,,,,
1946-03-01,18.3,,,,40033,,,,,
1946-04-01,18.4,,,,40816,,,,,
1946-05-01,18.5,,,,41211,,,,,
1946-06-01,18.7,,,,41763,,,,,
1946-07-01,19.8,,,,42082,,,,,
1946-08-01,20.2,,,,42724,,,,,
1946-09-01,20.4,,,,43176,,,,,
1946-10-01,20.8,,,,43275,,,,,
1946-11-01,21.3,,,,43612,,,,,
1946-12-01,21.5,,,,44140,,,,,
1947-01-01,21.5,,,,43108,,,,,
1947-02-01,21.5,,,,43100,,,,,
1947-03-01,21.9,,,,43349,,,,,
1947-04-01,21.9,,,,43309,,,,,
1947-05-01,21.9,,,,43392,,,,,
1947-06-01,22.0,,,,43764,,,,,
1947-07-01,22.2,,,,43604,,,,,
1947-08-01,22.5,,,,44066,,,,,
1947-09-01,23.0,,,,44591,,,,,
1947-10-01,23.0,,,,44741,,,,,
1947-11-01,23.1,,,,44807,,,,,
1947-12-01,23.4,,,,45514,,,,,
1948-01-01,23.7,,,,44224,,,,,3.4
1948-02-01,23.5,,,,43956,,,,,3.8
1948-03-01,23.4,,,,44291,,,,,4.0
1948-04-01,23.8,,,,44082,,,,,3.9
1948-05-01,23.9,,,,44471,,,,,3.5
1948-06-01,24.1,,,,44951,,,,,3.6
1948-07-01,24.4,,,,44989,,,,,3.6
1948-08-01,24.5,,,,45338,,,,,3.9
1948-09-01,24.5,,,,45796,,,,,3.8
1948-10-01,24.4,,,,45693,,,,,3.7
1948-11-01,24.2,,,,45588,,,,,3.8
1948-12-01,24.1,,,,46074,,,,,4.0
1949-01-01,24.0,,,,44159,,,,,4.3
1949-02-01,23.8,,,,43821,,,,,4.7
1949-03-01,23.8,,,,43747,,,,,5.0
1949-04-01,23.9,,,,43881,,,,,5.3
1949-05-01,23.8,,,,43636,,,,,6.1
1949-06-01,23.9,,,,43668,,,,,6.2
1949-07-01,23.7,,,,43352,,,,,6.7
1949-08-01,23.8,,,,43823,,,,,6.8
1949-09-01,23.9,,,,44335,,,,,6.6
1949-10-01,23.7,,,,43447,,,,,7.9
1949-11-01,23.8,,,,43653,,,,,6.4
1949-12-01,23.6,,,,44596,,,,,6.6
1950-01-01,23.5,,,,42976,,,,,6.5
1950-02-01,23.5,,,,42573,,,,,6.4
1950-03-01,23.6,,,,43410,,,,,6.3
1950-04-01,23.6,,,,44011,,,,,5.8
1950-05-01,23.7,,,,44377,,,,,5.5
1950-06-01,23.8,,,,45044,,,,,5.4
1950-07-01,24.1,,,,45272,,,,,5.0
1950-08-01,24.3,,,,46401,,,,,4.5
1950-09-01,24.4,,,,47005,,,,,4.4
1950-10-01,24.6,,,,47239,,,,,4.2
1950-11-01,24.7,,,,47207,,,,,4.2
1950-12-01,25.0,,,,47931,,,,,4.3
1951-01-01,25.4,,,,46686,,,,,3.7
1951-02-01,25.7,,,,46833,,,,,3.4
1951-03-01,25.8,,,,47312,,,,,3.4
1951-04-01,25.8,,,,47505,,,,,3.1
1951-05-01,25.9,,,,47624,,,,,3.0
1951-06-01,25.9,,,,48059,,,,,3.2
1951-07-01,25.9,,,,47888,,,,,3.1
1951-08-01,25.9,,,,48195,,,,,3.1
1951-09-01,26.1,,,,48486,,,,,3.3
1951-10-01,26.2,,,,48550,,,,,3.5
1951-11-01,26.4,,,,48621,,,,,3.5
1951-12-01,26.5,,,,49397,,,,,3.1
1952-01-01,26.5,,,,47659,,,,,3.2
1952-02-01,26.3,,,,47765,,,,,3.1
1952-03-01,26.3,,,,47931,,,,,2.9
1952-04-01,26.4,,,,48268,,,,,2.9
1952-05-01,26.4,,,,48319,,,,,3.0
1952-06-01,26.5,,,,48305,,,,,3.0
1952-07-01,26.7,,,,47977,,,,,3.2
1952-08-01,26.7,,,,49077,,,,,3.4
1952-09-01,26.7,,,,49829,,,,,3.1
1952-10-01,26.7,,,,50156,,,,,3.0
1952-11-01,26.7,,,,50346,,,,,2.8
1952-12-01,26.7,,,,51274,,,,,2.7
1953-01-01,26.6,,,,49470,,,,,2.9
1953-02-01,26.5,,,,49541,,,,,2.6
1953-03-01,26.6,,,,49878,,,,,2.6
1953-04-01,26.6,,,,50071,,2.83,,2.62,2.7
1953-05-01,26.7,,,,50182,,3.05,,2.87,2.5
1953-06-01,26.8,,,,50575,,3.11,,2.94,2.5
1953-07-01,26.8,,,,50390,,2.93,,2.75,2.6
1953-08-01,26.9,,,,50631,,2.95,,2.80,2.7
1953-09-01,26.9,,,,50867,,2.87,,2.71,2.9
1953-10-01,27.0,,,,50807,,2.66,,2.43,3.1
1953-11-01,26.9,,,,50472,,2.68,,2.42,3.5
1953-12-01,26.9,,,,50833,,2.59,,2.32,4.5
1954-01-01,26.9,,,,48766,,2.48,,2.17,4.9
1954-02-01,26.9,,,,48543,,2.47,,2.04,5.2
1954-03-01,26.9,,,,48519,,2.37,,1.93,5.7
1954-04-01,26.8,,,,48787,,2.29,,1.87,5.9
1954-05-01,26.9,,,,48679,,2.37,,1.92,5.9
1954-06-01,26.9,,,,48999,,2.38,,1.92,5.6
1954-07-01,26.9,,,0.80,48704,,2.30,,1.85,5.8
1954-08-01,26.9,,,1.22,48974,,2.36,,1.90,6.0
1954-09-01,26.8,,,1.07,49391,,2.38,,1.96,6.1
1954-10-01,26.8,,,0.85,49515,,2.43,,2.02,5.7
1954-11-01,26.8,,,0.83,49765,,2.48,,2.09,5.3
1954-12-01,26.7,,,1.28,50473,,2.51,,2.16,5.0
1955-01-01,26.7,,,1.39,48764,,2.61,,2.32,4.9
1955-02-01,26.7,,,1.29,48764,,2.65,,2.38,4.7
1955-03-01,26.7,,,1.35,49269,,2.68,,2.48,4.6
1955-04-01,26.7,,,1.43,49822,,2.75,,2.55,4.7
1955-05-01,26.7,,,1.43,50254,,2.76,,2.56,4.3
1955-06-01,26.7,,,1.64,50957,,2.78,,2.59,4.2
1955-07-01,26.8,,,1.68,50868,,2.90,,2.72,4.0
1955-08-01,26.8,,,1.96,51270,,2.97,,2.86,4.2
1955-09-01,26.9,,,2.18,51791,,2.97,,2.85,4.1
1955-10-01,26.9,,,2.24,52021,,2.88,,2.76,4.3
1955-11-01,26.9,,,2.35,52193,,2.89,,2.81,4.2
1955-12-01,26.8,,,2.48,52950,,2.96,,2.93,4.2
1956-01-01,26.8,,,2.45,51249,,2.90,,2.84,4.0
1956-02-01,26.8,,,2.50,51255,,2.84,,2.74,3.9
1956-03-01,26.8,,,2.50,51531,,2.96,,2.93,4.2
1956-04-01,26.9,,,2.62,51897,,3.18,,3.20,4.0
1956-05-01,27.0,,,2.75,52245,,3.07,,3.08,4.3
1956-06-01,27.2,,,2.71,52778,,3.00,,2.97,4.3
1956-07-01,27.4,,,2.75,51847,,3.11,,3.12,4.4
1956-08-01,27.3,,,2.73,52802,,3.33,,3.41,4.1
1956-09-01,27.4,,,2.95,53165,,3.38,,3.47,3.9
1956-10-01,27.5,,,2.96,53409,,3.34,,3.40,3.9
1956-11-01,27.5,,,2.88,53435,,3.49,,3.56,4.3
1956-12-01,27.6,,,2.94,54068,,3.59,,3.70,4.2
1957-01-01,27.6,,,2.84,52168,,3.46,,3.47,4.2
1957-02-01,27.7,,,3.00,52146,,3.34,,3.39,3.9
1957-03-01,27.8,,,2.96,52336,,3.41,,3.46,3.7
1957-04-01,27.9,,,3.00,52713,,3.48,,3.53,3.9
1957-05-01,28.0,,,3.00,52896,,3.60,,3.64,4.1
1957-06-01,28.1,,,3.00,53298,,3.80,,3.83,4.3
1957-07-01,28.3,,,2.99,53041,,3.93,,4.00,4.2
1957-08-01,28.3,,,3.24,53326,,3.93,,4.00,4.1
1957-09-01,28.3,,,3.47,53536,,3.92,,4.03,4.4
1957-10-01,28.3,,,3.50,53412,,3.97,,4.08,4.5
1957-11-01,28.4,,,3.28,53161,,3.72,,3.72,5.1
1957-12-01,28.4,,,2.98,53479,,3.21,,3.08,5.2
1958-01-01,28.6,,,2.72,51353,,3.09,,2.88,5.8
1958-02-01,28.6,,,1.67,50588,,3.05,,2.78,6.4
1958-03-01,28.8,,,1.20,50418,,2.98,,2.64,6.7
1958-04-01,28.9,,,1.26,50477,,2.88,,2.46,7.4
1958-05-01,28.9,,,0.63,50703,,2.92,,2.41,7.4
1958-06-01,28.9,,,0.93,51197,,2.97,,2.46,7.3
1958-07-01,29.0,,,0.68,51013,,3.20,,2.77,7.5
1958-08-01,28.9,,,1.53,51470,,3.54,,3.29,7.4
1958-09-01,28.9,,,1.76,52141,,3.76,,3.69,7.1
1958-10-01,28.9,,,1.80,52134,,3.80,,3.78,6.7
1958-11-01,29.0,,,2.27,52511,,3.74,,3.70,6.2
1958-12-01,28.9,,,2.42,53103,,3.86,,3.82,6.2
1959-01-01,29.0,,,2.48,51721,,4.02,,4.01,6.0
1959-02-01,28.9,,,2.43,51642,,3.96,,3.96,5.9
1959-03-01,28.9,,,2.80,52087,,3.99,,3.99,5.6
1959-04-01,29.0,,,2.96,52774,,4.12,,4.12,5.2
1959-05-01,29.0,,,2.90,53384,,4.31,,4.35,5.1
1959-06-01,29.1,,,3.39,54038,,4.34,,4.50,5.0
1959-07-01,29.2,,,3.47,53843,,4.40,,4.58,5.1
1959-08-01,29.2,,,3.50,53636,,4.43,,4.57,5.2
1959-09-01,29.3,,,3.76,54082,,4.68,,4.90,5.5
1959-10-01,29.4,,,3.98,53991,,4.53,,4.72,5.7
1959-11-01,29.4,,,4.00,54168,,4.53,,4.75,5.8
1959-12-01,29.4,,,3.99,55124,,4.69,,5.01,5.3
1960-01-01,29.3,,,3.99,53448,,4.72,,4.92,5.2
1960-02-01,29.4,,,3.97,53422,,4.49,,4.69,4.8
1960-03-01,29.4,,,3.84,53494,,4.25,,4.31,5.4
1960-04-01,29.5,,,3.92,54285,,4.28,,4.29,5.2
1960-05-01,29.5,,,3.85,54349,,4.35,,4.49,5.1
1960-06-01,29.6,,,3.32,54768,,4.15,,4.12,5.4
1960-07-01,29.6,,,3.23,54412,,3.90,,3.79,5.5
1960-08-01,29.6,,,2.98,54610,,3.80,,3.62,5.6
1960-09-01,29.6,,,2.60,54906,,3.80,,3.61,5.5
1960-10-01,29.8,,,2.47,54779,,3.89,,3.76,6.1
1960-11-01,29.8,,,2.44,54478,,3.93,,3.81,6.1
1960-12-01,29.8,,,1.98,54601,,3.84,,3.67,6.6
1961-01-01,29.8,,,1.45,52780,,3.84,,3.67,6.6
1961-02-01,29.8,,,2.54,52414,,3.78,,3.66,6.9
1961-03-01,29.8,,,2.02,52694,,3.74,,3.60,6.9
1961-04-01,29.8,,,1.49,53135,,3.78,,3.57,7.0
1961-05-01,29.8,,,1.98,53690,,3.71,,3.47,7.1
1961-06-01,29.8,,,1.73,54455,,3.88,,3.81,6.9
1961-07-01,30.0,,,1.17,54288,,3.92,,3.84,7.0
1961-08-01,29.9,,,2.00,54662,,4.04,,3.96,6.6
1961-09-01,30.0,,,1.88,55074,,3.98,,3.90,6.7
1961-10-01,30.0,,,2.26,55160,,3.92,,3.80,6.5
1961-11-01,30.0,,,2.61,55243,,3.94,,3.82,6.1
1961-12-01,30.0,,,2.33,55665,,4.06,,3.91,6.0
1962-01-01,30.0,,,2.15,53922,,4.08,,3.94,5.8
1962-02-01,30.1,,,2.37,54022,,4.04,,3.89,5.5
1962-03-01,30.1,,,2.85,54297,,3.93,,3.68,5.6
1962-04-01,30.2,,,2.78,55139,,3.84,,3.60,5.6
1962-05-01,30.2,,,2.36,55559,,3.87,,3.66,5.5
1962-06-01,30.2,,,2.68,56157,,3.91,,3.64,5.5
1962-07-01,30.3,,,2.71,55946,,4.01,,3.80,5.4
1962-08-01,30.3,,,2.93,56193,,3.98,,3.71,5.7
1962-09-01,30.4,,,2.90,56667,,3.98,,3.70,5.6
1962-10-01,30.4,,,2.90,56688,,3.93,,3.64,5.4
1962-11-01,30.4,,,2.94,56540,,3.92,,3.60,5.7
1962-12-01,30.4,,,2.93,56775,,3.86,,3.56,5.5
1963-01-01,30.4,,,2.92,55108,,3.83,,3.58,5.7
1963-02-01,30.4,,,3.00,55054,,3.92,,3.66,5.9
1963-03-01,30.5,,,2.98,55356,,3.93,,3.68,5.7
1963-04-01,30.5,,,2.90,56152,,3.97,,3.74,5.7
1963-05-01,30.5,,,3.00,56572,,3.93,,3.72,5.9
1963-06-01,30.6,,,2.99,57206,,3.99,,3.81,5.6
1963-07-01,30.7,,,3.02,57013,,4.02,,3.89,5.6
1963-08-01,30.7,,,3.49,57232,,4.00,,3.89,5.4
1963-09-01,30.7,,,3.48,57735,,4.08,,3.96,5.5
1963-10-01,30.8,,,3.50,57907,,4.11,,3.97,5.5
1963-11-01,30.8,,,3.48,57721,,4.12,,4.01,5.7
1963-12-01,30.9,,,3.38,58109,,4.13,,4.04,5.5
1964-01-01,30.9,,,3.48,56460,,4.17,,4.07,5.6
1964-02-01,30.9,,,3.48,56601,,4.15,,4.03,5.4
1964-03-01,30.9,,,3.43,56964,,4.22,,4.14,5.4
1964-04-01,30.9,,,3.47,57528,,4.23,,4.15,5.3
1964-05-01,30.9,,,3.50,58048,,4.20,,4.05,5.1
1964-06-01,31.0,,,3.50,58805,,4.17,,4.02,5.2
1964-07-01,31.1,,,3.42,58632,,4.19,,4.03,4.9
1964-08-01,31.0,,,3.50,58900,,4.19,,4.05,5.0
1964-09-01,31.1,,,3.45,59497,,4.20,,4.08,5.1
1964-10-01,31.1,,,3.36,59380,,4.19,,4.07,5.1
1964-11-01,31.2,,,3.52,59677,,4.15,,4.04,4.8
1964-12-01,31.2,,,3.85,60198,,4.18,,4.09,5.0
1965-01-01,31.2,,,3.90,58561,,4.19,,4.10,4.9
1965-02-01,31.2,,,3.98,58676,,4.21,,4.15,5.1
1965-03-01,31.3,,,4.05,59119,,4.21,,4.15,4.7
1965-04-01,31.4,,,4.09,59891,,4.20,,4.15,4.8
1965-05-01,31.4,,,4.10,60442,,4.21,,4.15,4.6
1965-06-01,31.6,,,4.05,61319,,4.21,,4.15,4.6
1965-07-01,31.6,,,4.09,61167,,4.20,,4.15,4.4
1965-08-01,31.6,,,4.12,61455,,4.25,,4.20,4.4
1965-09-01,31.6,,,4.02,62006,,4.29,,4.25,4.3
1965-10-01,31.7,,,4.08,62245,,4.35,,4.34,4.2
1965-11-01,31.7,,,4.10,62465,,4.45,,4.46,4.1
1965-12-01,31.8,,,4.32,63141,,4.62,,4.72,4.0
1966-01-01,31.8,,,4.42,61529,,4.61,,4.86,4.0
1966-02-01,32.0,,,4.60,61707,,4.83,,4.98,3.8
1966-03-01,32.1,,,4.66,62354,,4.87,,4.92,3.8
1966-04-01,32.3,,,4.67,63096,,4.75,,4.83,3.8
1966-05-01,32.3,,,4.90,63645,,4.78,,4.89,3.9
1966-06-01,32.4,,,5.17,64784,,4.81,,4.97,3.8
1966-07-01,32.5,,,5.30,64470,,5.02,,5.17,3.8
1966-08-01,32.7,,,5.53,64678,,5.22,,5.50,3.8
1966-09-01,32.7,,,5.40,65082,,5.18,,5.50,3.7
1966-10-01,32.9,,,5.53,65337,,5.01,,5.27,3.7
1966-11-01,32.9,,,5.76,65508,,5.16,,5.36,3.6
1966-12-01,32.9,,,5.40,66051,,4.84,,5.00,3.8
1967-01-01,32.9,,,4.94,64439,,4.58,,4.70,3.9
1967-02-01,32.9,,,5.00,64377,,4.63,,4.74,3.8
1967-03-01,33.0,,,4.53,64741,,4.54,,4.54,3.8
1967-04-01,33.1,,,4.05,65144,,4.59,,4.51,3.8
1967-05-01,33.2,,,3.94,65540,,4.85,,4.75,3.8
1967-06-01,33.3,,,3.98,66451,,5.02,,5.01,3.9
1967-07-01,33.4,,,3.79,66015,,5.16,,5.23,3.8
1967-08-01,33.5,,,3.90,66262,,5.28,,5.31,3.8
1967-09-01,33.6,,,3.99,66549,,5.30,,5.40,3.8
1967-10-01,33.7,,,3.88,66684,,5.48,,5.57,4.0
1967-11-01,33.8,,,4.13,67210,,5.75,,5.78,3.9
1967-12-01,33.9,,,4.51,67758,,5.70,,5.75,3.8
1968-01-01,34.1,,,4.61,65853,,5.53,,5.54,3.7
1968-02-01,34.2,,,4.71,66203,,5.56,,5.59,3.8
1968-03-01,34.3,,,5.05,66553,,5.74,,5.76,3.7
1968-04-01,34.4,,,5.76,67260,,5.64,,5.69,3.5
1968-05-01,34.5,,,6.12,67581,,5.87,,6.04,3.5
1968-06-01,34.7,,,6.07,68617,,5.72,,5.85,3.7
1968-07-01,34.9,,,6.03,68199,,5.50,,5.60,3.7
1968-08-01,35.0,,,6.03,68397,,5.42,,5.50,3.5
1968-09-01,35.1,,,5.78,68826,,5.46,,5.48,3.4
1968-10-01,35.3,,,5.91,69187,,5.58,,5.55,3.4
1968-11-01,35.4,,,5.82,69509,,5.70,,5.66,3.4
1968-12-01,35.5,,,6.02,70085,,6.03,,6.12,3.4
1969-01-01,35.6,,,6.30,68494,,6.04,,6.25,3.4
1969-02-01,35.8,,,6.61,68712,,6.19,,6.34,3.4
1969-03-01,36.1,,,6.79,69208,,6.30,,6.41,3.4
1969-04-01,36.3,,,7.41,69799,,6.17,,6.30,3.4
1969-05-01,36.4,,,8.67,70285,,6.32,,6.54,3.4
1969-06-01,36.6,,,8.90,71363,,6.57,,6.75,3.5
1969-07-01,36.8,,,8.61,70746,,6.72,,7.01,3.5
1969-08-01,37.0,,,9.19,71024,,6.69,,7.03,3.5
1969-09-01,37.1,,,9.15,71235,,7.16,,7.57,3.7
1969-10-01,37.3,,,9.00,71601,,7.10,,7.51,3.7
1969-11-01,37.5,,,8.85,71630,,7.14,,7.53,3.5
1969-12-01,37.7,,,8.97,72041,,7.65,,7.96,3.5
1970-01-01,37.8,,,8.98,70229,,7.79,,8.17,3.9
1970-02-01,38.0,,,8.98,70332,,7.24,,7.82,4.2
1970-03-01,38.2,,,7.76,70786,,7.07,,7.21,4.4
1970-04-01,38.5,,,8.10,71105,,7.39,,7.50,4.6
1970-05-01,38.6,,,7.95,71123,,7.91,,7.97,4.8
1970-06-01,38.8,,,7.61,71766,,7.84,,7.85,4.9
1970-07-01,39.0,,,7.21,71000,,7.46,,7.59,5.0
1970-08-01,39.0,,,6.62,70900,,7.53,,7.57,5.1
1970-09-01,39.2,,,6.29,71257,,7.39,,7.29,5.4
1970-10-01,39.4,,,6.20,71022,,7.33,,7.12,5.5
1970-11-01,39.6,,,5.60,70983,,6.84,,6.47,5.9
1970-12-01,39.8,,,4.90,71564,,6.39,,5.95,6.1
1971-01-01,39.8,,,4.14,69922,,6.24,,5.89,5.9
1971-02-01,39.9,,,3.72,69844,,6.11,,5.56,5.9
1971-03-01,40.0,,,3.71,70209,,5.70,,5.00,6.0
1971-04-01,40.1,,,4.16,70795,,5.83,,5.65,5.9
1971-05-01,40.3,,,4.63,71287,,6.39,,6.28,5.9
1971-06-01,40.6,,,4.91,72006,,6.52,,6.53,5.9
1971-07-01,40.7,,,5.31,71194,,6.73,,6.85,6.0
1971-08-01,40.8,,,5.57,71298,,6.58,,6.55,6.1
1971-09-01,40.8,,,5.55,71931,,6.14,,6.14,6.0
1971-10-01,40.9,,,5.20,72180,,5.93,,5.93,5.8
1971-11-01,40.9,,,4.91,72479,,5.81,,5.78,6.0
1971-12-01,41.1,,,4.14,72880,,5.93,,5.69,6.0
1972-01-01,41.1,,,3.51,71481,,5.95,,5.59,5.8
1972-02-01,41.3,,,3.30,71668,,6.08,,5.69,5.7
1972-03-01,41.4,,,3.83,72261,,6.07,,5.87,5.8
1972-04-01,41.5,,,4.17,72894,,6.19,,6.17,5.7
1972-05-01,41.6,,,4.27,73525,,6.13,,5.85,5.7
1972-06-01,41.7,,,4.46,74507,,6.11,,5.91,5.7
1972-07-01,41.9,,,4.55,73502,,6.11,,5.97,5.6
1972-08-01,42.0,,,4.81,74054,,6.21,,6.02,5.6
1972-09-01,42.1,,,4.87,74612,,6.55,,6.25,5.5
1972-10-01,42.3,,,5.05,75290,,6.48,,6.18,5.6
1972-11-01,42.4,,,5.06,75704,,6.28,,6.12,5.3
1972-12-01,42.5,,,5.33,76078,,6.36,,6.16,5.2
1973-01-01,42.6,,,5.94,74613,,6.46,,6.34,4.9
1973-02-01,42.9,,,6.58,74989,,6.64,,6.60,5.0
1973-03-01,43.3,,,7.09,75544,,6.71,,6.80,4.9
1973-04-01,43.6,,,7.12,76132,,6.67,,6.67,5.0
1973-05-01,43.9,,,7.84,76712,,6.85,,6.80,4.9
1973-06-01,44.2,,,8.49,77630,,6.90,,6.69,4.9
1973-07-01,44.3,,,10.40,76691,,7.13,,7.33,4.8
1973-08-01,45.1,,,10.50,77095,,7.40,,7.63,4.8
1973-09-01,45.2,,,10.78,77682,,7.09,,7.05,4.8
1973-10-01,45.6,,,10.01,78306,,6.79,,6.77,4.6
1973-11-01,45.9,,,10.03,78707,,6.73,,6.92,4.8
1973-12-01,46.2,,,9.95,78839,,6.74,,6.80,4.9
1974-01-01,46.6,,,9.65,77045,,6.99,,6.95,5.1
1974-02-01,47.2,,,8.97,77163,,6.96,,6.82,5.2
1974-03-01,47.8,,,9.35,77485,,7.21,,7.31,5.1
1974-04-01,48.0,,,10.51,78035,,7.51,,7.92,5.1
1974-05-01,48.6,,,11.31,78637,,7.58,,8.18,5.1
1974-06-01,49.0,,,11.93,79336,,7.54,,8.10,5.4
1974-07-01,49.4,,,12.92,78438,,7.81,,8.38,5.5
1974-08-01,50.0,,,12.01,78584,,8.04,,8.63,5.5
1974-09-01,50.6,,,11.34,79084,,8.04,,8.37,5.9
1974-10-01,51.1,,,10.06,79381,,7.90,,7.97,6.0
1974-11-01,51.5,,,9.45,79060,,7.68,,7.68,6.6
1974-12-01,51.9,,,8.53,78419,,7.43,,7.31,7.2
1975-01-01,52.1,,,7.13,76189,,7.50,,7.41,8.1
1975-02-01,52.5,,,6.24,75764,,7.39,,7.11,8.1
1975-03-01,52.7,,,5.54,75808,,7.73,,7.30,8.6
1975-04-01,52.9,,,5.49,76142,,8.23,,7.99,8.8
1975-05-01,53.2,,,5.22,76774,,8.06,,7.72,9.0
1975-06-01,53.6,,,5.55,77270,,7.86,,7.51,8.8
1975-07-01,54.2,,,6.10,76592,,8.06,,7.92,8.6
1975-08-01,54.3,,,6.14,77120,,8.40,,8.33,8.4
1975-09-01,54.6,,,6.24,77726,,8.43,,8.37,8.4
1975-10-01,54.9,,,5.82,78283,,8.14,,7.97,8.4
1975-11-01,55.3,,,5.22,78437,,8.05,,7.80,8.3
1975-12-01,55.5,,,5.20,78726,,8.00,,7.76,8.2
1976-01-01,55.6,,,4.87,77376,,7.74,,7.46,7.9
1976-02-01,55.8,,,4.77,77605,,7.79,,7.45,7.7
1976-03-01,55.9,,,4.84,78214,,7.73,,7.49,7.6
1976-04-01,56.1,,,4.82,79042,,7.56,,7.25,7.7
1976-05-01,56.5,,,5.29,79534,,7.90,,7.59,7.4
1976-06-01,56.8,,,5.48,80164,,7.86,7.06,7.61,7.6
1976-07-01,57.1,,,5.31,79393,,7.83,6.85,7.49,7.8
1976-08-01,57.4,,,5.29,79659,,7.77,6.63,7.31,7.8
1976-09-01,57.6,,,5.25,80362,,7.59,6.42,7.13,7.6
1976-10-01,57.9,,,5.02,80593,,7.41,5.98,6.75,7.7
1976-11-01,58.0,,,4.95,80953,,7.29,5.81,6.52,7.8
1976-12-01,58.2,,,4.65,81129,,6.87,5.38,6.10,7.8
1977-01-01,58.5,,,4.61,79540,,7.21,5.90,6.58,7.5
1977-02-01,59.1,,,4.68,79747,,7.39,6.09,6.83,7.6
1977-03-01,59.5,,,4.69,80604,,7.46,6.09,6.93,7.4
1977-04-01,60.0,,,4.73,81539,,7.37,5.96,6.79,7.2
1977-05-01,60.3,,,5.35,82376,,7.46,6.25,6.94,7.0
1977-06-01,60.7,,,5.39,83338,,7.28,6.13,6.76,7.2
1977-07-01,61.0,,,5.42,82677,,7.33,6.27,6.84,6.9
1977-08-01,61.2,,,5.90,82971,,7.40,6.61,7.03,7.0
1977-09-01,61.4,,,6.14,83922,,7.34,6.71,7.04,6.8
1977-10-01,61.6,,,6.47,84423,,7.52,7.11,7.32,6.8
1977-11-01,61.9,,,6.51,84868,,7.58,7.14,7.34,6.8
1977-12-01,62.1,,,6.56,85105,,7.69,7.18,7.48,6.4
1978-01-01,62.5,,,6.70,83442,,7.96,7.49,7.77,6.4
1978-02-01,62.9,,,6.78,83738,,8.03,7.57,7.83,6.3
1978-03-01,63.4,,,6.79,84732,,8.04,7.58,7.86,6.3
1978-04-01,63.9,,,6.89,86037,,8.15,7.74,7.98,6.1
1978-05-01,64.5,,,7.36,86842,,8.35,8.01,8.18,6.0
1978-06-01,65.2,,,7.60,87830,,8.46,8.24,8.36,5.9
1978-07-01,65.7,,,7.81,87002,,8.64,8.49,8.54,6.2
1978-08-01,66.0,,,8.04,87305,,8.41,8.37,8.33,5.9
1978-09-01,66.5,,,8.45,87932,,8.42,8.57,8.43,6.0
1978-10-01,67.1,,,8.96,88549,,8.64,8.85,8.61,5.8
1978-11-01,67.4,,,9.76,89099,,8.81,9.42,8.84,5.9
1978-12-01,67.7,,,10.03,89408,,9.01,9.72,9.08,6.0
1979-01-01,68.3,,,10.07,87650,,9.10,9.86,9.20,5.9
1979-02-01,69.1,,,10.06,87889,,9.10,9.72,9.13,5.9
1979-03-01,69.8,,,10.09,88792,,9.12,9.79,9.20,5.8
1979-04-01,70.6,,,10.01,89313,,9.18,9.78,9.25,5.8
1979-05-01,71.5,,,10.24,90126,,9.25,9.78,9.24,5.6
1979-06-01,72.3,,,10.29,90971,,8.91,9.22,8.85,5.7
1979-07-01,73.1,,,10.47,89976,,8.95,9.14,8.90,5.7
1979-08-01,73.8,,,10.94,90072,,9.03,9.46,9.06,6.0
1979-09-01,74.6,,,11.43,90616,,9.33,10.06,9.41,5.9
1979-10-01,75.2,,,13.77,91089,,10.30,11.49,10.63,6.0
1979-11-01,75.9,,,13.18,91287,,10.65,11.81,10.93,5.9
1979-12-01,76.7,,,13.78,91415,,10.39,11.39,10.42,6.0
1980-01-01,77.8,,,13.82,89631,,10.80,11.50,10.74,6.3
1980-02-01,78.9,,,14.13,89764,,12.41,13.42,12.60,6.3
1980-03-01,80.1,,,17.19,90324,,12.75,14.88,13.47,6.3
1980-04-01,81.0,,,17.61,90747,,11.47,12.50,11.84,6.9
1980-05-01,81.8,,,10.98,90763,,10.18,9.45,9.95,7.5
1980-06-01,82.7,,,9.47,90922,,9.78,8.73,9.21,7.6
1980-07-01,82.7,,,9.03,89582,,10.25,9.03,9.53,7.8
1980-08-01,83.3,,,9.61,89865,,11.10,10.53,10.84,7.7
1980-09-01,84.0,,,10.87,90530,,11.51,11.57,11.62,7.5
1980-10-01,84.8,,,12.81,91128,,11.75,12.09,11.86,7.5
1980-11-01,85.5,,,15.85,91475,,12.68,13.51,12.83,7.5
1980-12-01,86.3,,,18.90,91661,,12.84,14.08,13.25,7.2
1981-01-01,87.0,,,19.08,89837,,12.57,13.26,12.77,7.5
1981-02-01,87.9,,,15.93,89985,,13.19,13.92,13.41,7.4
1981-03-01,88.5,,,14.70,90520,,13.12,13.57,13.41,7.4
1981-04-01,89.1,,,15.72,91157,,13.68,14.15,13.99,7.2
1981-05-01,89.8,,,18.52,91647,,14.10,15.46,14.63,7.5
1981-06-01,90.6,,,19.10,92296,,13.47,14.51,13.95,7.5
1981-07-01,91.6,,,19.04,91371,,14.28,15.35,14.79,7.2
1981-08-01,92.3,,,17.82,91378,,14.94,16.28,15.56,7.4
1981-09-01,93.2,,,15.87,91876,,15.32,16.46,15.93,7.6
1981-10-01,93.4,,,15.08,92054,,15.15,15.54,15.41,7.9
1981-11-01,93.7,,,13.31,91888,,13.39,12.88,13.38,8.3
1981-12-01,94.0,,,12.37,91555,,13.72,13.29,13.60,8.5
1982-01-01,94.3,,,13.22,89328,,14.59,14.57,14.65,8.6
1982-02-01,94.6,,,14.78,89417,,14.43,14.82,14.54,8.9
1982-03-01,94.5,,,14.68,89710,,13.86,14.19,13.98,9.0
1982-04-01,94.9,,,14.94,89993,,13.87,14.20,14.00,9.3
1982-05-01,95.8,,,14.45,90478,,13.62,13.78,13.75,9.4
1982-06-01,97.0,,,14.15,90669,,14.30,14.47,14.43,9.6
1982-07-01,97.5,,,12.59,89338,,13.95,13.80,14.07,9.8
1982-08-01,97.7,,,10.12,89212,,13.06,12.32,13.00,9.8
1982-09-01,97.9,,,10.31,89628,,12.34,11.78,12.25,10.1
1982-10-01,98.2,,,9.71,89598,,10.91,10.19,10.80,10.4
1982-11-01,98.0,,,9.20,89495,,10.55,9.80,10.38,10.8
1982-12-01,97.6,,,8.95,89396,,10.54,9.66,10.22,10.8
1983-01-01,97.8,,,8.68,87729,,10.46,9.33,10.03,10.4
1983-02-01,97.9,,,8.51,87741,,10.72,9.64,10.26,10.4
1983-03-01,97.9,,,8.77,88344,,10.51,9.66,10.08,10.3
1983-04-01,98.6,,,8.80,89187,,10.40,9.57,10.02,10.2
1983-05-01,99.2,,,8.63,90019,,10.38,9.49,10.03,10.1
1983-06-01,99.5,,,8.98,90844,,10.85,10.18,10.63,10.1
1983-07-01,99.9,,,9.37,90271,,11.38,10.69,11.21,9.4
1983-08-01,100.2,,,9.56,89998,,11.85,11.07,11.63,9.5
1983-09-01,100.7,,,9.45,91719,,11.65,10.79,11.43,9.2
1983-10-01,101.0,,,9.48,92233,,11.54,10.57,11.28,8.8
1983-11-01,101.2,,,9.34,92592,,11.69,10.66,11.41,8.5
1983-12-01,101.3,,,9.47,92863,,11.83,10.84,11.54,8.3
1984-01-01,101.9,,,9.56,91374,,11.67,10.64,11.37,8.0
1984-02-01,102.4,,,9.59,91940,,11.84,10.79,11.54,7.8
1984-03-01,102.6,,,9.91,92659,,12.32,11.31,12.02,7.8
1984-04-01,103.1,,,10.29,93614,,12.63,11.69,12.37,7.7
1984-05-01,103.4,,,10.32,94489,,13.41,12.47,13.17,7.4
1984-06-01,103.7,,,11.06,95305,,13.56,12.91,13.48,7.2
1984-07-01,104.1,,,11.23,94607,,13.36,12.88,13.27,7.5
1984-08-01,104.5,,,11.64,94888,,12.72,12.43,12.68,7.5
1984-09-01,105.0,,,11.30,95808,,12.52,12.20,12.53,7.3
1984-10-01,105.3,,,9.99,96362,,12.16,11.60,12.06,7.4
1984-11-01,105.3,,,9.43,96738,,11.57,10.65,11.33,7.2
1984-12-01,105.3,,,8.38,96793,,11.50,10.18,11.07,7.3
1985-01-01,105.5,,,8.35,95049,,11.38,9.93,10.93,7.3
1985-02-01,106.0,,,8.50,95259,,11.51,10.17,11.13,7.2
1985-03-01,106.4,,,8.58,96055,,11.86,10.71,11.52,7.2
1985-04-01,106.9,,,8.27,96875,,11.43,10.09,11.01,7.3
1985-05-01,107.3,,,7.97,97726,,10.85,9.39,10.34,7.2
1985-06-01,107.6,,,7.53,98279,,10.16,8.69,9.60,7.4
1985-07-01,107.8,,,7.88,97418,,10.31,8.77,9.70,7.4
1985-08-01,108.0,,,7.90,97667,,10.33,8.94,9.81,7.1
1985-09-01,108.3,,,7.92,98476,,10.37,8.98,9.81,7.1
1985-10-01,108.7,,,7.99,98987,,10.24,8.86,9.69,7.1
1985-11-01,109.0,,,8.05,99240,,9.78,8.58,9.28,7.0
1985-12-01,109.3,,,8.27,99356,,9.26,8.15,8.73,7.0
1986-01-01,109.6,22.93,,8.14,97397,,9.19,8.14,8.68,6.7
1986-02-01,109.3,15.46,,7.86,97590,,8.70,7.97,8.34,7.2
1986-03-01,108.8,12.61,,7.48,98138,,7.78,7.21,7.46,7.2
1986-04-01,108.6,12.84,,6.99,98973,,7.30,6.70,7.05,7.1
1986-05-01,108.9,15.38,,6.85,99667,,7.71,7.07,7.52,7.2
1986-06-01,109.5,13.43,,6.92,99973,,7.80,7.18,7.64,7.2
1986-07-01,109.5,11.59,,6.56,99219,,7.30,6.67,7.06,7.0
1986-08-01,109.7,15.10,,6.17,99393,,7.17,6.33,6.80,6.9
1986-09-01,110.2,14.87,,5.89,100317,,7.45,6.35,6.92,7.0
1986-10-01,110.3,14.90,,5.85,100886,,7.43,6.28,6.83,7.0
1986-11-01,110.4,15.22,,6.04,101141,,7.25,6.28,6.76,6.9
1986-12-01,110.5,16.11,,6.91,101300,,7.11,6.27,6.67,6.6
1987-01-01,111.2,18.65,,6.43,99334,,7.08,6.23,6.64,6.6
1987-02-01,111.6,17.75,,6.10,99657,,7.25,6.40,6.79,6.6
1987-03-01,112.1,18.30,,6.13,100367,,7.25,6.42,6.79,6.6
1987-04-01,112.7,18.68,,6.37,101369,,8.02,7.02,7.57,6.3
1987-05-01,113.1,19.44,,6.85,102135,,8.61,7.76,8.26,6.3
1987-06-01,113.5,20.07,,6.73,102742,,8.40,7.57,8.02,6.2
1987-07-01,113.8,21.34,,6.58,101990,,8.45,7.44,8.01,6.1
1987-08-01,114.4,20.31,,6.73,102219,,8.76,7.75,8.32,6.0
1987-09-01,115.0,19.53,,7.22,102986,,9.42,8.34,8.94,5.9
1987-10-01,115.3,19.86,,7.29,103893,,9.52,8.40,9.08,6.0
1987-11-01,115.4,18.85,,6.69,104232,,8.86,7.69,8.35,5.8
1987-12-01,115.4,17.28,,6.77,104472,,8.99,7.86,8.45,5.7
1988-01-01,115.7,17.13,,6.83,102380,,8.67,7.63,8.18,5.7
1988-02-01,116.0,16.80,,6.58,102951,,8.21,7.18,7.71,5.7
1988-03-01,116.5,16.20,,6.58,103693,,8.37,7.27,7.83,5.7
1988-04-01,117.1,17.86,,6.87,104587,,8.72,7.59,8.19,5.4
1988-05-01,117.5,17.42,,7.09,105347,,9.09,8.00,8.58,5.6
1988-06-01,118.0,16.53,,7.51,106208,,8.92,8.03,8.49,5.4
1988-07-01,118.5,15.50,,7.75,105315,,9.06,8.28,8.66,5.4
1988-08-01,119.0,15.52,,8.01,105477,,9.26,8.63,8.94,5.6
1988-09-01,119.8,14.54,,8.19,106341,,8.98,8.46,8.69,5.4
1988-10-01,120.2,13.77,,8.30,107013,,8.80,8.35,8.51,5.4
1988-11-01,120.3,14.14,,8.35,107500,,8.96,8.67,8.79,5.3
1988-12-01,120.5,16.38,,8.76,107722,,9.11,9.09,9.09,5.3
1989-01-01,121.1,18.02,,9.12,105743,,9.09,9.18,9.15,5.4
1989-02-01,121.6,17.94,,9.36,106170,,9.17,9.37,9.27,5.2
1989-03-01,122.3,19.48,,9.85,106813,,9.36,9.68,9.51,5.0
1989-04-01,123.1,21.07,,9.84,107611,,9.18,9.45,9.30,5.2
1989-05-01,123.8,20.12,,9.81,108294,,8.86,9.02,8.91,5.2
1989-06-01,124.1,20.05,,9.53,108937,,8.28,8.41,8.29,5.3
1989-07-01,124.4,19.78,,9.24,107848,,8.02,7.82,7.83,5.2
1989-08-01,124.6,18.58,,8.99,107927,,8.11,8.14,8.09,5.2
1989-09-01,125.0,19.59,,9.02,108724,,8.19,8.28,8.17,5.3
1989-10-01,125.6,20.10,,8.84,109217,,8.01,7.98,7.97,5.3
1989-11-01,125.9,19.86,,8.55,109657,,7.87,7.80,7.81,5.4
1989-12-01,126.1,21.10,,8.45,109666,,7.84,7.78,7.75,5.4
1990-01-01,127.4,22.86,,8.23,107573,,8.21,8.09,8.12,5.4
1990-02-01,128.0,22.11,,8.24,108069,,8.47,8.37,8.42,5.3
1990-03-01,128.7,20.39,,8.28,108724,,8.59,8.63,8.60,5.2
1990-04-01,128.9,18.43,,8.26,109366,,8.79,8.72,8.77,5.4
1990-05-01,129.2,18.20,,8.18,110271,,8.76,8.64,8.74,5.4
1990-06-01,129.9,16.70,,8.29,110838,,8.48,8.35,8.43,5.2
1990-07-01,130.4,18.45,,8.15,109567,,8.47,8.16,8.33,5.5
1990-08-01,131.6,27.31,,8.13,109449,,8.75,8.06,8.44,5.7
1990-09-01,132.7,33.51,,8.20,110044,,8.89,8.08,8.51,5.9
1990-10-01,133.5,36.04,,8.11,110240,,8.72,7.88,8.33,5.9
1990-11-01,133.8,32.33,,7.81,110205,,8.39,7.60,8.02,6.2
1990-12-01,133.8,27.28,,7.31,109974,,8.08,7.31,7.73,6.3
1991-01-01,134.6,25.23,,6.91,107425,,8.09,7.13,7.70,6.4
1991-02-01,134.8,20.48,,6.25,107392,,7.85,6.87,7.47,6.6
1991-03-01,135.0,19.90,,6.12,107681,,8.11,7.10,7.77,6.8
1991-04-01,135.2,20.83,,5.91,108071,,8.04,6.95,7.70,6.7
1991-05-01,135.6,21.23,,5.78,108752,,8.07,6.78,7.70,6.9
1991-06-01,136.0,20.19,,5.90,109234,,8.28,6.96,7.94,6.9
1991-07-01,136.2,21.40,,5.82,108033,,8.27,6.92,7.91,6.8
1991-08-01,136.6,21.69,,5.66,108123,,7.90,6.43,7.43,6.9
1991-09-01,137.2,21.89,,5.45,108840,,7.65,6.18,7.14,6.9
1991-10-01,137.4,23.23,,5.21,109210,,7.53,5.91,6.87,7.0
1991-11-01,137.8,22.46,,4.81,109226,,7.42,5.56,6.62,7.0
1991-12-01,137.9,19.50,,4.43,109110,,7.09,5.03,6.19,7.3
1992-01-01,138.1,18.79,,4.03,106723,130683,7.03,4.96,6.24,7.3
1992-02-01,138.6,19.01,118429,4.06,106977,131244,7.34,5.21,6.58,7.4
1992-03-01,139.3,18.92,129309,3.98,107494,142488,7.54,5.69,6.95,7.4
1992-04-01,139.5,20.23,123268,3.73,108331,147175,7.48,5.34,6.78,7.4
1992-05-01,139.7,20.98,122274,3.82,109137,152420,7.39,5.23,6.69,7.6
1992-06-01,140.2,22.39,131268,3.76,109626,151849,7.26,5.05,6.48,7.8
1992-07-01,140.5,21.78,103025,3.25,108608,152586,6.84,4.36,5.84,7.7
1992-08-01,140.9,21.34,113623,3.30,108664,152476,6.59,4.19,5.60,7.6
1992-09-01,141.3,21.88,126277,3.22,109449,148158,6.42,3.89,5.38,7.6
1992-10-01,141.8,21.69,131334,3.10,110036,155987,6.59,4.08,5.60,7.3
1992-11-01,142.0,20.34,121759,3.09,110275,154824,6.87,4.58,6.04,7.4
1992-12-01,141.9,19.41,131937,2.92,110265,191347,6.77,4.67,6.08,7.4
1993-01-01,142.6,19.03,115794,3.02,108098,137020,6.60,4.39,5.83,7.3
1993-02-01,143.1,20.09,130164,3.03,108701,134462,6.26,4.10,5.43,7.1
1993-03-01,143.6,20.32,138668,3.07,109136,153025,5.98,3.95,5.19,7.0
1993-04-01,144.0,20.25,126589,2.96,110140,158615,5.97,3.84,5.13,7.1
1993-05-01,144.2,19.95,123210,3.00,111103,163519,6.04,3.98,5.20,7.1
1993-06-01,144.4,19.09,138459,3.04,111693,162964,5.96,4.16,5.22,7.0
1993-07-01,144.4,17.89,107698,3.06,110825,164590,5.81,4.07,5.09,6.9
1993-08-01,144.8,18.01,124150,3.03,110935,163989,5.68,4.00,5.03,6.8
1993-09-01,145.1,17.50,134114,3.09,111926,159298,5.36,3.85,4.73,6.7
1993-10-01,145.7,18.15,135483,2.99,112591,163992,5.33,3.87,4.71,6.8
1993-11-01,145.8,16.61,131460,3.02,112935,169980,5.72,4.16,5.06,6.6
1993-12-01,145.8,14.52,138273,2.96,113084,206174,5.77,4.21,5.15,6.5
1994-01-01,146.2,15.03,131392,3.05,110833,145276,5.75,4.14,5.09,6.6
1994-02-01,146.7,14.78,139057,3.25,111414,146332,5.97,4.47,5.40,6.6
1994-03-01,147.2,14.68,149256,3.34,112389,173562,6.48,5.00,5.94,6.5
1994-04-01,147.4,16.42,137847,3.56,113467,170795,6.97,5.55,6.52,6.4
1994-05-01,147.5,17.89,140366,4.01,114479,175527,7.18,5.97,6.78,6.1
1994-06-01,148.0,19.06,155070,4.25,115271,178509,7.10,5.93,6.70,6.1
1994-07-01,148.4,19.66,119501,4.26,114324,173198,7.30,6.13,6.91,6.1
1994-08-01,149.0,18.38,142852,4.47,114634,182445,7.24,6.18,6.88,6.0
1994-09-01,149.4,17.45,153625,4.73,115693,175128,7.46,6.39,7.08,5.9
1994-10-01,149.5,17.72,151572,4.76,116318,178642,7.74,6.73,7.40,5.8
1994-11-01,149.7,18.07,150202,5.29,116926,184272,7.96,7.15,7.72,5.6
1994-12-01,149.7,17.16,154895,5.45,116964,221549,7.81,7.59,7.78,5.5
1995-01-01,150.3,18.04,143440,5.53,114655,158004,7.78,7.51,7.76,5.6
1995-02-01,150.9,18.57,156606,5.92,115315,155156,7.47,7.11,7.37,5.4
1995-03-01,151.4,18.54,167745,5.98,116071,181910,7.20,6.78,7.05,5.4
1995-04-01,151.9,19.90,146225,6.05,116902,176635,7.06,6.57,6.86,5.8
1995-05-01,152.2,19.74,151770,6.01,117625,190269,6.63,6.17,6.41,5.6
1995-06-01,152.5,18.45,161688,6.00,118340,191609,6.17,5.72,5.93,5.6
1995-07-01,152.5,17.33,123259,5.85,117106,182909,6.28,5.78,6.01,5.7
1995-08-01,152.9,18.02,151465,5.74,117370,193370,6.49,5.98,6.24,5.7
1995-09-01,153.2,18.23,168324,5.80,118286,182521,6.20,5.81,6.00,5.6
1995-10-01,153.7,17.43,158469,5.76,118888,184276,6.04,5.70,5.86,5.5
1995-11-01,153.6,17.99,156881,5.80,119125,193405,5.93,5.48,5.69,5.6
1995-12-01,153.5,19.03,163769,5.60,119123,227552,5.71,5.32,5.51,5.6
1996-01-01,154.4,18.86,150440,5.56,116423,167372,5.65,5.11,5.36,5.6
1996-02-01,154.9,19.09,159185,5.22,117364,173941,5.81,5.03,5.38,5.5
1996-03-01,155.7,21.33,176264,5.31,118167,191851,6.27,5.66,5.97,5.5
1996-04-01,156.3,23.50,155093,5.22,119005,191886,6.51,5.96,6.30,5.6
1996-05-01,156.6,21.17,163769,5.24,120132,205797,6.74,6.10,6.48,5.6
1996-06-01,156.7,20.42,172897,5.27,120795,196842,6.91,6.30,6.69,5.3
1996-07-01,157.0,21.30,138374,5.40,119758,197140,6.87,6.27,6.64,5.5
1996-08-01,157.3,21.90,153637,5.22,120051,204270,6.64,6.03,6.39,5.1
1996-09-01,157.8,23.97,174797,5.30,120795,189424,6.83,6.23,6.60,5.2
1996-10-01,158.3,24.88,169459,5.24,121516,201927,6.53,5.91,6.27,5.2
1996-11-01,158.6,23.71,168650,5.31,121976,203621,6.20,5.70,5.97,5.4
1996-12-01,158.6,25.23,166228,5.29,121955,237478,6.30,5.78,6.07,5.4
1997-01-01,159.1,25.13,155358,5.25,119413,181073,6.58,6.01,6.33,5.3
1997-02-01,159.6,22.18,172311,5.19,120274,178428,6.42,5.90,6.20,5.2
1997-03-01,160.0,20.97,180530,5.39,121155,203750,6.69,6.22,6.54,5.2
1997-04-01,160.2,19.70,170687,5.51,122132,199219,6.89,6.45,6.76,5.1
1997-05-01,160.1,20.82,165694,5.50,123211,211516,6.71,6.28,6.57,4.9
1997-06-01,160.3,19.26,187205,5.56,123861,205491,6.49,6.09,6.38,5.0
1997-07-01,160.5,19.66,150782,5.52,122876,208856,6.22,5.89,6.12,4.9
1997-08-01,160.8,19.95,170465,5.54,122944,211952,6.30,5.94,6.16,4.8
1997-09-01,161.2,19.80,190959,5.54,123948,201415,6.21,5.88,6.11,4.9
1997-10-01,161.6,21.33,183393,5.50,124851,210145,6.03,5.77,5.93,4.7
1997-11-01,161.5,20.19,185230,5.52,125245,207533,5.88,5.71,5.80,4.6
1997-12-01,161.3,18.33,179906,5.50,125383,249389,5.81,5.72,5.77,4.7
1998-01-01,161.6,16.72,164391,5.56,122832,187445,5.54,5.36,5.42,4.6
1998-02-01,161.9,16.06,182332,5.51,123608,183767,5.57,5.42,5.49,4.6
1998-03-01,162.2,15.12,193649,5.49,124332,207973,5.65,5.56,5.61,4.7
1998-04-01,162.5,15.35,178239,5.45,125372,212262,5.64,5.56,5.61,4.3
1998-05-01,162.8,14.91,175154,5.49,126456,221155,5.65,5.59,5.63,4.4
1998-06-01,163.0,13.72,187991,5.56,127118,220867,5.50,5.52,5.52,4.5
1998-07-01,163.2,14.17,145785,5.54,126047,217687,5.46,5.46,5.46,4.5
1998-08-01,163.4,13.47,173662,5.55,126287,216605,5.34,5.27,5.27,4.5
1998-09-01,163.6,15.03,193961,5.51,127098,208915,4.81,4.67,4.62,4.6
1998-10-01,164.0,14.46,181357,5.07,127877,220499,4.53,4.09,4.18,4.5
1998-11-01,164.0,13.00,177925,4.83,128278,218969,4.83,4.54,4.54,4.4
1998-12-01,163.9,11.35,185472,4.68,128448,265618,4.65,4.51,4.45,4.4
1999-01-01,164.3,12.52,171934,4.63,125697,196810,4.72,4.62,4.60,4.3
1999-02-01,164.5,12.01,185255,4.76,126684,199451,5.00,4.88,4.91,4.4
1999-03-01,165.0,14.68,204755,4.81,127399,230230,5.23,5.05,5.14,4.2
1999-04-01,166.2,17.31,180224,4.74,128544,227109,5.18,4.98,5.08,4.3
1999-05-01,166.2,17.72,182326,4.74,129412,237462,5.54,5.25,5.44,4.2
1999-06-01,166.2,17.92,198372,4.76,130137,236830,5.90,5.62,5.81,4.3
1999-07-01,166.7,20.10,159656,4.99,129268,236992,5.79,5.55,5.68,4.3
1999-08-01,167.1,21.28,186590,5.07,129325,240478,5.94,5.68,5.84,4.2
1999-09-01,167.9,23.80,202427,5.22,130102,230665,5.92,5.66,5.80,4.2
1999-10-01,168.2,22.69,193889,5.20,131038,233193,6.11,5.86,6.03,4.1
1999-11-01,168.3,25.00,183986,5.42,131496,240857,6.03,5.86,5.97,4.1
1999-12-01,168.3,26.10,202677,5.30,131633,293013,6.28,6.10,6.19,4.0
2000-01-01,168.8,27.26,185813,5.45,128993,213709,6.66,6.44,6.58,4.0
2000-02-01,169.8,29.37,189153,5.73,129655,227087,6.52,6.61,6.68,4.1
2000-03-01,171.2,29.84,212974,5.85,130752,253717,6.26,6.53,6.50,4.0
2000-04-01,171.3,25.72,186872,6.02,131749,239051,5.99,6.40,6.26,3.8
2000-05-01,171.5,28.79,190188,6.27,132706,257581,6.44,6.81,6.69,4.0
2000-06-01,172.4,31.82,237143,6.53,133218,255066,6.10,6.48,6.30,4.0
2000-07-01,172.8,29.70,159903,6.54,131997,244445,6.05,6.34,6.18,4.0
2000-08-01,172.8,31.26,187688,6.50,132009,257487,5.83,6.23,6.06,4.1
2000-09-01,173.7,33.88,210685,6.52,132677,243624,5.80,6.08,5.93,3.9
2000-10-01,174.0,33.11,187704,6.51,133236,245167,5.74,5.91,5.78,3.9
2000-11-01,174.1,34.42,185475,6.51,133601,252145,5.72,5.88,5.70,3.9
2000-12-01,174.0,28.44,192978,6.40,133541,294197,5.24,5.35,5.17,3.9
2001-01-01,175.1,29.59,167108,5.98,130667,226791,5.16,4.76,4.86,4.2
2001-02-01,175.8,29.61,176646,5.49,131334,223971,5.10,4.66,4.89,4.2
2001-03-01,176.2,27.25,201321,5.31,131929,253439,4.89,4.34,4.64,4.3
2001-04-01,176.9,27.49,166962,4.8,132335,249062,5.14,4.23,4.76,4.4
2001-05-01,177.7,28.63,180620,4.21,133042,268658,5.39,4.26,4.93,4.3
2001-06-01,178.0,27.60,188450,3.97,133421,260315,5.28,4.08,4.81,4.5
2001-07-01,177.5,26.43,144702,3.77,131931,251504,5.24,4.04,4.76,4.6
2001-08-01,177.5,27.37,171491,3.65,131860,266460,4.97,3.76,4.57,4.9
2001-09-01,178.3,26.20,169765,3.07,132128,236210,4.73,3.12,4.12,5.0
2001-10-01,177.7,22.17,175302,2.49,132329,265188,4.57,2.73,3.91,5.3
2001-11-01,177.4,19.64,160265,2.09,132142,262004,4.65,2.78,3.97,5.5
2001-12-01,176.7,19.39,170130,1.82,131758,298666,5.09,3.11,4.39,5.7
2002-01-01,177.1,19.72,152537,1.73,128876,230546,5.04,3.03,4.34,5.7
2002-02-01,177.8,20.72,167694,1.74,129347,228084,4.91,3.02,4.30,5.7
2002-03-01,178.8,24.53,183541,1.73,129955,257133,5.28,3.56,4.74,5.7
2002-04-01,179.8,26.18,170163,1.75,130543,257357,5.21,3.42,4.65,5.9
2002-05-01,179.8,27.04,176314,1.75,131314,271682,5.16,3.26,4.49,5.8
2002-06-01,179.9,25.52,173578,1.75,131695,260385,4.93,2.99,4.19,5.8
2002-07-01,180.1,26.97,151584,1.73,130255,266795,4.65,2.56,3.81,5.8
2002-08-01,180.7,28.39,176987,1.74,130341,277716,4.26,2.13,3.29,5.7
2002-09-01,181.0,29.66,174195,1.75,130859,246350,3.87,2.00,2.94,5.7
2002-10-01,181.3,28.84,174042,1.75,131530,259945,3.94,1.91,2.95,5.7
2002-11-01,181.3,26.35,164310,1.34,131651,263738,4.05,1.92,3.05,5.9
2002-12-01,180.9,29.46,167098,1.24,131242,308821,4.03,1.84,3.03,6.0
2003-01-01,181.7,32.95,160196,1.24,128561,242271,4.05,1.74,3.05,5.8
2003-02-01,183.1,35.83,169363,1.26,128977,233478,3.90,1.63,2.90,5.9
2003-03-01,184.2,33.51,188854,1.25,129474,264532,3.81,1.57,2.78,5.9
2003-04-01,183.8,28.17,168168,1.26,130131,265990,3.96,1.62,2.93,6.0
2003-05-01,183.5,28.11,172361,1.26,130892,281482,3.57,1.42,2.52,6.1
2003-06-01,183.7,30.66,183990,1.22,131221,271242,3.33,1.23,2.27,6.3
2003-07-01,183.9,30.76,150336,1.01,129884,279323,3.98,1.47,2.87,6.2
2003-08-01,184.6,31.57,170612,1.03,129935,285212,4.45,1.86,3.37,6.1
2003-09-01,185.2,28.31,187270,1.01,130590,265331,4.27,1.71,3.18,6.1
2003-10-01,185.0,30.34,190591,1.01,131383,273781,4.29,1.75,3.19,6.0
2003-11-01,184.5,31.11,173368,1.00,131548,272396,4.30,1.93,3.29,5.8
2003-12-01,184.3,32.13,187904,0.98,131368,327693,4.27,1.91,3.27,5.7
2004-01-01,185.2,34.31,164926,1.00,128709,252818,4.15,1.76,3.12,5.7
2004-02-01,186.2,34.69,180111,1.01,129320,253689,4.08,1.74,3.07,5.6
2004-03-01,187.4,36.74,214611,1.00,130361,287944,3.83,1.58,2.79,5.8
2004-04-01,188.0,36.75,183752,1.00,131477,284325,4.35,2.07,3.39,5.6
2004-05-01,189.1,40.28,181865,1.00,132380,296253,4.72,2.53,3.85,5.6
2004-06-01,189.7,38.03,197458,1.03,132824,289664,4.73,2.76,3.93,5.6
2004-07-01,189.4,40.78,163925,1.26,131664,294875,4.50,2.64,3.69,5.5
2004-08-01,189.5,44.90,184662,1.43,131685,294133,4.28,2.51,3.47,5.4
2004-09-01,189.9,45.94,197167,1.61,132398,282974,4.13,2.53,3.36,5.4
2004-10-01,190.9,53.28,186918,1.76,133380,287468,4.10,2.58,3.35,5.5
2004-11-01,191.0,48.47,188131,1.93,133630,294278,4.19,2.85,3.53,5.4
2004-12-01,190.3,43.15,201172,2.16,133399,354627,4.23,3.01,3.60,5.4
2005-01-01,190.7,46.84,177594,2.28,130695,263469,4.22,3.22,3.71,5.3
2005-02-01,191.8,48.15,188951,2.50,131519,265320,4.17,3.38,3.77,5.4
2005-03-01,193.3,54.19,209708,2.63,132358,306384,4.50,3.73,4.17,5.2
2005-04-01,194.6,52.98,190899,2.79,133571,302054,4.34,3.65,4.00,5.2
2005-05-01,194.4,49.83,205691,3.00,134384,311292,4.14,3.64,3.85,5.1
2005-06-01,194.5,56.35,224203,3.04,135053,317375,4.00,3.64,3.77,5.0
2005-07-01,195.4,59.00,169437,3.26,133993,316887,4.18,3.87,3.98,5.0
2005-08-01,196.4,64.99,209010,3.50,134244,321409,4.26,4.04,4.12,4.9
2005-09-01,198.8,65.59,214582,3.62,134869,300439,4.20,3.95,4.01,5.0
2005-10-01,199.2,62.26,211650,3.78,135599,302213,4.46,4.27,4.33,5.0
2005-11-01,197.6,58.32,215562,4.00,136158,311715,4.54,4.42,4.45,5.0
2005-12-01,196.8,59.41,229512,4.16,135954,370726,4.47,4.40,4.39,4.9
2006-01-01,198.3,65.49,191920,4.29,133302,286152,4.42,4.40,4.35,4.7
2006-02-01,198.7,61.63,209478,4.49,134229,282417,4.57,4.67,4.57,4.8
2006-03-01,199.8,62.69,252659,4.59,135209,326153,4.72,4.73,4.72,4.7
2006-04-01,201.5,69.44,206157,4.79,136124,316526,4.99,4.89,4.90,4.7
2006-05-01,202.5,70.84,217869,4.94,136927,337393,5.11,4.97,5.00,4.6
2006-06-01,202.9,70.95,237564,4.99,137432,330844,5.11,5.12,5.07,4.6
2006-07-01,203.5,74.41,186090,5.24,136256,325905,5.09,5.12,5.04,4.7
2006-08-01,203.9,73.04,215695,5.25,136462,339155,4.88,4.90,4.82,4.7
2006-09-01,202.9,63.80,243185,5.25,137129,310775,4.72,4.77,4.67,4.5
2006-10-01,201.8,58.89,219885,5.25,137831,312976,4.73,4.80,4.69,4.4
2006-11-01,201.5,59.08,218853,5.25,138217,323089,4.60,4.74,4.58,4.5
2006-12-01,201.8,61.96,236933,5.24,138107,380188,4.56,4.67,4.53,4.4
2007-01-01,202.416,54.51,204185,5.25,135317,295284,4.76,4.88,4.75,4.6
2007-02-01,203.499,59.28,211359,5.26,136008,290065,4.72,4.85,4.71,4.5
2007-03-01,205.352,60.44,252090,5.26,136907,335917,4.56,4.57,4.48,4.4
2007-04-01,206.686,63.98,225558,5.25,137712,321981,4.69,4.67,4.59,4.5
2007-05-01,207.949,63.46,229326,5.25,138654,353201,4.75,4.77,4.67,4.4
2007-06-01,208.352,67.49,243703,5.25,139156,338189,5.10,4.98,5.03,4.6
2007-07-01,208.299,74.12,211263,5.26,137760,333815,5.00,4.82,4.88,4.7
2007-08-01,207.917,72.36,241388,5.02,137872,349191,4.67,4.31,4.43,4.6
2007-09-01,208.490,79.92,232386,4.94,138435,317145,4.52,4.01,4.20,4.7
2007-10-01,208.936,85.80,235158,4.76,139181,331073,4.53,3.97,4.20,4.7
2007-11-01,210.177,94.77,224134,4.49,139494,341848,4.15,3.34,3.67,4.7
2007-12-01,210.036,91.69,254048,4.24,139279,387473,4.10,3.12,3.49,5.0
2008-01-01,211.080,92.97,219946,3.94,136252,307576,3.74,2.48,2.98,5.0
2008-02-01,211.693,95.39,229870,2.98,136770,308171,3.74,1.97,2.78,4.9
2008-03-01,213.528,105.45,250906,2.61,137361,334416,3.51,1.62,2.48,5.1
2008-04-01,214.823,112.58,225075,2.28,137894,331002,3.68,2.05,2.84,5.0
2008-05-01,216.632,125.40,227995,1.98,138470,357277,3.88,2.45,3.15,5.4
2008-06-01,218.815,133.88,242479,2.00,138665,339791,4.10,2.77,3.49,5.6
2008-07-01,219.964,133.37,205540,2.01,137184,344158,4.01,2.57,3.30,5.8
2008-08-01,219.086,116.67,214872,2.00,137077,342443,3.89,2.42,3.14,6.1
2008-09-01,218.783,104.11,224233,1.81,137130,313308,3.69,2.08,2.88,6.1
2008-10-01,216.573,76.61,197291,0.97,137424,311422,3.81,1.61,2.73,6.5
2008-11-01,212.425,57.31,169856,0.39,136744,299238,3.53,1.21,2.29,6.8
2008-12-01,210.228,41.12,191734,0.16,135713,346513,2.42,0.82,1.52,7.3
2009-01-01,211.143,41.71,138218,0.15,132021,273998,2.52,0.81,1.60,7.8
2009-02-01,212.193,39.09,137245,0.22,131792,264465,2.87,0.98,1.87,8.3
2009-03-01,212.709,47.94,162107,0.18,131659,290068,2.82,0.93,1.82,8.7
2009-04-01,213.240,49.65,139893,0.15,131842,292041,2.93,0.93,1.86,9.0
2009-05-01,213.856,59.03,145714,0.18,132114,307481,3.29,0.93,2.13,9.4
2009-06-01,215.693,69.64,157122,0.21,131933,306050,3.72,1.18,2.71,9.5
2009-07-01,215.351,64.15,145376,0.16,130337,308847,3.56,1.02,2.46,9.5
2009-08-01,215.834,71.05,155455,0.16,130216,314505,3.59,1.12,2.57,9.6
2009-09-01,215.969,69.41,168746,0.15,130571,288071,3.40,0.96,2.37,9.8
2009-10-01,216.177,75.72,163196,0.12,131172,300360,3.39,0.95,2.33,10.0
2009-11-01,216.330,77.99,151230,0.12,131220,303850,3.40,0.80,2.23,9.9
2009-12-01,215.949,74.47,174485,0.12,130673,362735,3.59,0.87,2.34,9.9
2010-01-01,216.687,78.33,163488,0.11,127804,279044,3.73,0.93,2.48,9.8
2010-02-01,216.741,76.39,169065,0.13,128240,275566,3.69,0.86,2.36,9.8
2010-03-01,217.631,81.20,199993,0.16,129073,321305,3.73,0.96,2.43,9.9
2010-04-01,218.009,84.29,181528,0.20,130195,316940,3.85,1.06,2.58,9.9
2010-05-01,218.178,73.74,183535,0.20,131313,324820,3.42,0.83,2.18,9.6
2010-06-01,217.965,75.34,200080,0.18,131431,319183,3.20,0.72,2.00,9.4
2010-07-01,218.011,76.32,174685,0.18,130094,320915,3.01,0.62,1.76,9.4
2010-08-01,218.312,76.60,191888,0.19,130158,322319,2.70,0.52,1.47,9.5
2010-09-01,218.439,75.24,213131,0.19,130650,307638,2.65,0.48,1.41,9.5
2010-10-01,218.711,81.89,192327,0.19,131624,315059,2.54,0.38,1.18,9.4
2010-11-01,218.803,84.25,186603,0.19,131930,328381,2.76,0.45,1.35,9.8
2010-12-01,219.179,89.15,209011,0.18,131622,386878,3.29,0.62,1.93,9.3
2011-01-01,220.223,89.17,184037,0.17,128760,298626,3.39,0.61,1.99,9.1
2011-02-01,221.309,88.58,187466,0.16,129576,299920,3.58,0.77,2.26,9.0
2011-03-01,223.467,102.86,233078,0.14,130482,345052,3.41,0.70,2.11,9.0
2011-04-01,224.906,109.53,194922,0.10,131698,339014,3.46,0.73,2.17,9.1
2011-05-01,225.964,100.90,205025,0.09,132382,348979,3.17,0.56,1.84,9.0
2011-06-01,225.722,96.26,216548,0.09,132871,346620,3.00,0.41,1.58,9.1
2011-07-01,225.922,97.30,189215,0.07,131599,341381,3.00,0.41,1.54,9.0
2011-08-01,226.545,86.33,216719,0.10,131870,352224,2.30,0.23,1.02,9.0
2011-09-01,226.889,85.52,221336,0.08,132617,333642,1.98,0.21,0.90,9.0
2011-10-01,226.421,86.32,206574,0.07,133540,337067,2.15,0.28,1.06,8.8
2011-11-01,226.230,97.16,206403,0.08,133876,351517,2.01,0.25,0.91,8.6
2011-12-01,225.672,98.56,237529,0.07,133701,408910,1.98,0.26,0.89,8.5
2012-01-01,226.665,100.27,204013,0.08,131094,315540,1.97,0.24,0.84,8.3
2012-02-01,227.663,102.20,224922,0.10,132050,331470,1.97,0.28,0.83,8.3
2012-03-01,229.392,106.16,240680,0.13,132954,368502,2.17,0.34,1.02,8.2
2012-04-01,230.085,103.32,210894,0.14,133836,349194,2.05,0.29,0.89,8.2
2012-05-01,229.815,94.66,220785,0.16,134648,373129,1.80,0.29,0.76,8.2
2012-06-01,229.478,82.30,233259,0.16,134986,356083,1.62,0.29,0.71,8.2
2012-07-01,229.104,87.90,206771,0.16,133778,351520,1.53,0.25,0.62,8.2
2012-08-01,230.379,94.13,204001,0.13,134156,372986,1.68,0.27,0.71,8.1
2012-09-01,231.407,94.51,223423,0.14,134783,342582,1.72,0.26,0.67,7.8
2012-10-01,231.317,89.49,222736,0.16,135633,355823,1.75,0.28,0.71,7.8
2012-11-01,230.221,86.53,209712,0.16,136023,368593,1.65,0.27,0.67,7.7
2012-12-01,229.601,87.86,239368,0.16,135947,416807,1.72,0.26,0.70,7.9
2013-01-01,230.280,94.76,204169,0.14,133063,333694,1.91,0.27,0.81,8.0
2013-02-01,232.166,95.31,225639,0.15,134102,332481,1.98,0.27,0.85,7.7
2013-03-01,232.773,92.94,232999,0.14,134901,374159,1.96,0.26,0.82,7.5
2013-04-01,232.531,92.02,221353,0.15,135905,362965,1.76,0.23,0.71,7.6
2013-05-01,232.945,94.51,238678,0.11,136797,389674,1.93,0.25,0.84,7.5
2013-06-01,233.504,95.77,260225,0.09,137209,369316,2.30,0.33,1.20,7.5
2013-07-01,233.596,104.67,208090,0.09,136034,376970,2.58,0.34,1.40,7.3
2013-08-01,233.877,106.57,224074,0.08,136471,388221,2.74,0.36,1.52,7.2
2013-09-01,234.149,106.29,248206,0.08,137077,352673,2.81,0.40,1.60,7.2
2013-10-01,233.546,100.54,236784,0.09,138001,369777,2.62,0.34,1.37,7.2
2013-11-01,233.069,93.86,233300,0.08,138525,378685,2.72,0.30,1.37,6.9
2013-12-01,233.049,97.63,250119,0.09,138274,430568,2.90,0.34,1.58,6.7
2014-01-01,233.916,94.62,203981,0.07,135471,340473,2.86,0.39,1.65,6.6
2014-02-01,234.781,100.82,221433,0.07,136211,337480,2.71,0.33,1.52,6.7
2014-03-01,236.293,100.80,251763,0.08,137169,383559,2.72,0.40,1.64,6.7
2014-04-01,237.072,102.07,231365,0.09,138306,383818,2.71,0.42,1.70,6.2
2014-05-01,237.900,102.18,231723,0.09,139217,408282,2.56,0.39,1.59,6.3
2014-06-01,238.343,105.79,257228,0.10,139804,385475,2.60,0.45,1.68,6.1
2014-07-01,238.250,103.59,286876,0.09,138727,394691,2.54,0.51,1.70,6.2
2014-08-01,237.852,96.54,231195,0.09,139105,401439,2.42,0.47,1.63,6.1
2014-09-01,238.031,93.21,249698,0.09,139793,374398,2.53,0.57,1.77,5.9
2014-10-01,237.433,84.40,238710,0.09,140848,388387,2.30,0.45,1.55,5.7
2014-11-01,236.151,75.79,216401,0.09,141314,391483,2.33,0.53,1.62,5.8
2014-12-01,234.812,59.29,240457,0.12,141306,451076,2.21,0.64,1.64,5.6
2015-01-01,233.707,47.22,200582,0.11,138491,350291,1.88,0.55,1.37,5.7
2015-02-01,234.722,50.58,206166,0.11,139323,341828,1.98,0.62,1.47,5.5
2015-03-01,236.119,47.82,249239,0.11,140080,393094,2.04,0.64,1.52,5.4
2015-04-01,236.599,54.45,220091,0.12,141264,387358,1.94,0.54,1.35,5.4
2015-05-01,237.805,59.27,211139,0.12,142205,409453,2.20,0.61,1.54,5.6
2015-06-01,238.638,59.82,252759,0.13,142681,397809,2.36,0.69,1.68,5.3
2015-07-01,238.654,50.90,216803,0.13,141729,406550,2.32,0.67,1.63,5.2
2015-08-01,238.316,42.87,218267,0.14,141921,404923,2.17,0.70,1.54,5.1
2015-09-01,237.945,45.48,231339,0.14,142477,381996,2.17,0.71,1.49,5.0
2015-10-01,237.838,46.22,228138,0.12,143626,392602,2.07,0.64,1.39,5.0
2015-11-01,237.336,42.44,216692,0.12,144049,396067,2.26,0.88,1.67,5.1
2015-12-01,236.525,37.19,230959,0.24,144045,464014,2.24,0.98,1.70,5.0
2016-01-01,236.916,31.68,199424,0.34,141072,351787,2.09,0.90,1.52,4.8
2016-02-01,237.111,30.32,211114,0.38,141901,363543,1.78,0.73,1.22,4.9
2016-03-01,238.132,37.55,243551,0.36,142797,405012,1.89,0.88,1.38,5.0
2016-04-01,239.261,40.75,221215,0.37,143893,394764,1.81,0.77,1.26,5.1
2016-05-01,240.229,46.71,217981,0.37,144540,413059,1.81,0.82,1.30,4.8
2016-06-01,241.018,48.76,230820,0.38,145205,410100,1.64,0.73,1.17,4.9
2016-07-01,240.628,44.65,197867,0.39,144232,406013,1.50,0.67,1.07,4.8
2016-08-01,240.849,44.72,221537,0.40,144485,416538,1.56,0.74,1.13,4.9
2016-09-01,241.428,45.18,230956,0.40,145150,394237,1.63,0.77,1.18,5.0
2016-10-01,241.729,49.78,231422,0.40,146032,397425,1.76,0.84,1.27,4.9
2016-11-01,241.353,45.66,213364,0.41,146465,413933,2.14,0.98,1.60,4.7
2016-12-01,241.432,51.97,229243,0.54,146252,482011,2.49,1.20,1.96,4.7
2017-01-01,242.839,52.50,192655,0.65,143376,369102,2.43,1.21,1.92,4.7
2017-02-01,243.603,53.47,207597,0.66,144405,365610,2.42,1.20,1.90,4.6
2017-03-01,243.801,49.33,250539,0.79,145062,423016,2.48,1.31,2.01,4.4
2017-04-01,244.524,51.06,211837,0.90,146086,407256,2.30,1.24,1.82,4.4
2017-05-01,244.733,48.48,221670,0.91,146924,434511,2.30,1.30,1.84,4.4
2017-06-01,244.955,45.18,260483,1.04,147566,423071,2.19,1.34,1.77,4.3
2017-07-01,244.786,46.63,198965,1.15,146464,416908,2.32,1.37,1.87,4.3
2017-08-01,245.519,48.04,226802,1.16,146782,431797,2.21,1.34,1.78,4.4
2017-09-01,246.819,49.82,238111,1.15,147169,412522,2.20,1.38,1.80,4.3
2017-10-01,246.663,51.58,228903,1.15,148182,417753,2.36,1.55,1.98,4.2
2017-11-01,246.669,56.64,227489,1.16,148758,441923,2.35,1.70,2.05,4.2
2017-12-01,246.524,57.88,245890,1.30,148509,496745,2.40,1.84,2.18,4.1
2018-01-01,247.867,63.7,204233,1.41,145412,389703,2.58,2.03,2.38,4.0
2018-02-01,248.991,62.23,220102,1.42,146649,380562,2.86,2.18,2.60,4.1
2018-03-01,249.554,62.73,267966,1.51,147352,444873,2.84,2.28,2.63,4.0
2018-04-01,250.546,66.25,232566,1.69,148329,420099,2.87,2.38,2.70,4.0
2018-05-01,251.588,69.98,241381,1.70,149264,464101,2.98,2.51,2.82,3.8
2018-06-01,251.989,67.87,261303,1.82,149930,443603,2.91,2.53,2.78,4.0
2018-07-01,252.006,70.98,215563,1.91,148767,441604,2.89,2.61,2.78,3.8
2018-08-01,252.146,68.06,251047,1.91,149236,455946,2.89,2.64,2.77,3.8
2018-09-01,252.439,70.23,250482,1.95,149545,417072,3.00,2.77,2.89,3.7
2018-10-01,252.885,70.75,241698,2.19,150553,441746,3.15,2.86,3.00,3.8
2018-11-01,252.038,56.96,228715,2.20,151032,459172,3.12,2.86,2.95,3.8
2018-12-01,251.233,49.52,244033,2.27,150831,493167,2.83,2.68,2.68,3.9
2019-01-01,251.712,51.38,212040,2.40,147878,398783,2.71,2.54,2.54,4.0
2019-02-01,252.776,54.95,213183,2.40,148683,384243,2.68,2.50,2.49,3.8
2019-03-01,254.202,58.15,256782,2.41,149360,446272,2.57,2.41,2.37,3.8
2019-04-01,255.548,63.86,223136,2.42,150422,441878,2.53,2.34,2.33,3.6
2019-05-01,256.092,60.83,222308,2.39,151093,474963,2.40,2.21,2.19,3.7
2019-06-01,256.143,54.66,233532,2.38,151714,447578,2.07,1.81,1.83,3.6
2019-07-01,256.571,57.35,210957,2.40,150658,461010,2.06,1.84,1.83,3.7
2019-08-01,256.558,54.81,230146,2.13,151094,472517,1.63,1.57,1.49,3.7
2019-09-01,256.759,56.95,230879,2.04,151510,428241,1.70,1.65,1.57,3.5
2019-10-01,257.346,53.96,227950,1.83,152500,454941,1.71,1.55,1.53,3.6
2019-11-01,257.208,57.03,204977,1.55,153095,467189,1.81,1.61,1.64,3.6
2019-12-01,256.974,59.88,221440,1.55,152845,518979,1.86,1.61,1.68,3.6
2020-01-01,257.971,57.52,213007,1.55,150056,417123,1.76,1.52,1.56,3.5
2020-02-01,258.678,50.54,227138,1.58,150967,413923,1.50,1.33,1.32,3.5
2020-03-01,258.115,29.21,220693,0.65,149952,426258,0.87,0.45,0.59,4.4
2020-04-01,256.389,16.55,157561,0.05,130253,376867,0.66,0.22,0.39,14.7
2020-05-01,256.394,28.56,175703,0.05,133422,461785,0.67,0.17,0.34,13.2
2020-06-01,257.797,38.31,214072,0.08,138507,479784,0.73,0.19,0.34,11.0
2020-07-01,259.101,40.71,206285,0.09,139105,492689,0.62,0.15,0.28,10.2
2020-08-01,259.918,42.34,221265,0.10,140727,487325,0.65,0.14,0.27,8.4
2020-09-01,260.280,39.63,238016,0.09,141957,474038,0.68,0.13,0.27,7.9
2020-10-01,260.388,39.4,233663,0.09,143564,493601,0.79,0.15,0.34,6.9
2020-11-01,260.229,40.94,220655,0.09,144116,490941,0.87,0.17,0.39,6.7
2020-12-01,260.474,47.02,242930,0.09,143604,557696,0.93,0.14,0.39,6.7
2021-01-01,261.582,52.0,220753,0.09,140974,461308,1.08,0.13,0.45,6.3
2021-02-01,263.014,59.04,233531,0.08,142129,437031,1.26,0.12,0.54,6.2
2021-03-01,264.877,62.33,274247,0.07,143308,560218,1.61,0.15,0.82,6.1
2021-04-01,267.054,61.72,243549,0.07,144402,554269,1.64,0.16,0.86,6.1
2021-05-01,269.195,65.17,243078,0.06,145392,565177,1.62,0.16,0.82,5.8
2021-06-01,271.696,71.38,270551,0.08,146626,557446,1.52,0.20,0.84,5.9
2021-07-01,273.003,72.49,236768,0.10,146619,552179,1.32,0.22,0.76,5.4
2021-08-01,273.567,67.73,261167,0.09,147159,550169,1.28,0.22,0.77,5.2
2021-09-01,274.310,71.65,267847,0.08,147917,529133,1.37,0.24,0.86,4.8
2021-10-01,276.589,81.48,255674,0.08,149605,553588,1.58,0.39,1.11,4.5
2021-11-01,277.948,79.15,252835,0.08,150543,574978,1.56,0.51,1.20,4.2
2021-12-01,278.802,71.71,277162,0.08,150740,627113,1.47,0.68,1.23,3.9
2022-01-01,281.148,83.22,249090,0.08,147932,516923,1.76,0.98,1.54,4.0
2022-02-01,283.716,91.64,256201,0.08,149606,507901,1.93,1.44,1.81,3.8
2022-03-01,287.504,108.5,298698,0.20,150411,598541,2.13,1.91,2.11,3.6
2022-04-01,289.109,101.78,265210,0.33,151449,596690,2.75,2.54,2.78,3.6
2022-05-01,292.296,109.55,268450,0.77,152291,616626,2.90,2.62,2.87,3.6
2022-06-01,296.311,114.84,297467,1.21,153217,609743,3.14,3.00,3.19,3.6
2022-07-01,296.276,101.62,254244,1.68,152875,599929,2.90,3.04,2.96,3.5
2022-08-01,296.171,93.67,282058,2.33,153285,613508,2.90,3.25,3.03,3.7
2022-09-01,296.808,84.26,291058,2.56,153809,577966,3.52,3.86,3.70,3.5
2022-10-01,298.012,87.55,276884,3.08,155041,597170,3.98,4.38,4.18,3.7
2022-11-01,297.711,84.37,260444,3.78,155642,605205,3.89,4.50,4.06,3.6
2022-12-01,296.797,76.44,290149,4.10,155344,654825,3.62,4.29,3.76,3.5
2023-01-01,299.170,78.12,254810,4.33,152839,547156,3.53,4.21,3.64,3.4
2023-02-01,300.840,76.83,256827,4.57,153983,529374,3.75,4.53,3.94,3.6
2023-03-01,301.836,73.28,312535,4.65,154440,604084.0,3.66,4.30,3.82,3.5
2023-04-01,303.363,79.45,272375,4.83,155369,588220.0,3.46,4.02,3.54,3.4
2023-05-01,304.127,71.58,288640.0,5.06,156279,631496.0,3.57,4.13,3.59,3.7
2023-06-01,305.109,70.25,324238.0,5.08,156905,612243.0,3.75,4.64,3.95,3.6
2023-07-01,305.691,76.07,261612.0,5.12,156022,605403.0,3.90,4.83,4.14,3.5
2023-08-01,307.026,81.39,290578.0,5.33,156392,628192.0,4.17,4.90,4.31,3.8
2023-09-01,307.789,89.43,308176.0,5.33,156918,594022.0,4.38,5.02,4.49,3.8
2023-10-01,307.671,85.64,279278.0,5.33,157984,608839.0,4.80,5.07,4.77,3.9
